Workbook

Sheet Ответы на форму (1)
A1: Отметка времени | B1: Вопрос без заголовка

Sheet Общий зачет
A1: =SUM(C2:I34)-'все бани'!C1-SUM('все бани'!D2:AJ7) -> 0 | B1: Итого | C1: К-во | D1: У | E1: УУ | F1: Дл | G1: К | H1: Общ | I1: Рег | J1: W8 | K1: W7 | L1: W6 | M1: W5 | N1: W4 | O1: W3 | P1: W2 | Q1: W1
A2: Леха | B2: =SUM(C2:Q2) -> 172.85 | C2: =VLOOKUP(A2,'недельный зачет'!$A:$B,2,FALSE) -> 30 | D2: =HLOOKUP(A2,'все бани'!$1:$7,7,FALSE) -> 17 | E2: =HLOOKUP(A2,'все бани'!$1:$7,6,FALSE) -> 13 | F2: =HLOOKUP(A2,'все бани'!$1:$7,5,FALSE) -> 13 | G2: =HLOOKUP(A2,'все бани'!$1:$7,2,FALSE) -> 13 | H2: =HLOOKUP(A2,'все бани'!$1:$7,4,FALSE) -> 14 | I2: =HLOOKUP(A2,'все бани'!$1:$7,3,FALSE) -> 11 | J2: 8 | K2: =45/4 -> 11.25 | L2: 10 | M2: 8 | N2: 0 | O2: 12 | P2: 12 | Q2: =3/5 -> 0.6
A3: Шурик | B3: =SUM(C3:Q3) -> 142.35278 | C3: =VLOOKUP(A3,'недельный зачет'!$A:$B,2,FALSE) -> 20 | D3: =HLOOKUP(A3,'все бани'!$1:$7,7,FALSE) -> 20 | E3: =HLOOKUP(A3,'все бани'!$1:$7,6,FALSE) -> 18 | F3: =HLOOKUP(A3,'все бани'!$1:$7,5,FALSE) -> 8 | G3: =HLOOKUP(A3,'все бани'!$1:$7,2,FALSE) -> 9 | H3: =HLOOKUP(A3,'все бани'!$1:$7,4,FALSE) -> 14 | I3: =HLOOKUP(A3,'все бани'!$1:$7,3,FALSE) -> 17 | J3: =3/8 -> 0.375 | K3: 6 | L3: 0 | M3: =7/10 -> 0.7 | N3: 0 | O3: =7/9 -> 0.77777778 | P3: 15 | Q3: 13.5
A4: Витёк | B4: =SUM(C4:Q4) -> 148.31111 | C4: =VLOOKUP(A4,'недельный зачет'!$A:$B,2,FALSE) -> 24 | D4: =HLOOKUP(A4,'все бани'!$1:$7,7,FALSE) -> 18 | E4: =HLOOKUP(A4,'все бани'!$1:$7,6,FALSE) -> 9 | F4: =HLOOKUP(A4,'все бани'!$1:$7,5,FALSE) -> 13 | G4: =HLOOKUP(A4,'все бани'!$1:$7,2,FALSE) -> 16 | H4: =HLOOKUP(A4,'все бани'!$1:$7,4,FALSE) -> 13 | I4: =HLOOKUP(A4,'все бани'!$1:$7,3,FALSE) -> 7 | J4: 8 | K4: =45/4 -> 11.25 | L4: =1/4 -> 0.25 | M4: =7/10 -> 0.7 | N4: =37/3 -> 12.333333 | O4: =7/9 -> 0.77777778 | P4: 8 | Q4: 7
A5: Денис | B5: =SUM(C5:Q5) -> 137.93333 | C5: =VLOOKUP(A5,'недельный зачет'!$A:$B,2,FALSE) -> 34 | D5: =HLOOKUP(A5,'все бани'!$1:$7,7,FALSE) -> 7 | E5: =HLOOKUP(A5,'все бани'!$1:$7,6,FALSE) -> 3 | F5: =HLOOKUP(A5,'все бани'!$1:$7,5,FALSE) -> 2 | G5: =HLOOKUP(A5,'все бани'!$1:$7,2,FALSE) -> 0 | H5: =HLOOKUP(A5,'все бани'!$1:$7,4,FALSE) -> 1 | I5: =HLOOKUP(A5,'все бани'!$1:$7,3,FALSE) -> 5 | J5: 15 | K5: =45/4 -> 11.25 | L5: 13.5 | M5: 15 | N5: =37/3 -> 12.333333 | O5: 15 | P5: =13/4 -> 3.25 | Q5: =3/5 -> 0.6
A6: Женёк В | B6: =SUM(C6:Q6) -> 126.66414 | C6: =VLOOKUP(A6,'недельный зачет'!$A:$B,2,FALSE) -> 20 | D6: =HLOOKUP(A6,'все бани'!$1:$7,7,FALSE) -> 17 | E6: =HLOOKUP(A6,'все бани'!$1:$7,6,FALSE) -> 8 | F6: =HLOOKUP(A6,'все бани'!$1:$7,5,FALSE) -> 7 | G6: =HLOOKUP(A6,'все бани'!$1:$7,2,FALSE) -> 9 | H6: =HLOOKUP(A6,'все бани'!$1:$7,4,FALSE) -> 12 | I6: =HLOOKUP(A6,'все бани'!$1:$7,3,FALSE) -> 11 | J6: 0 | K6: =45/4 -> 11.25 | L6: 5 | M6: 8 | N6: =7/11 -> 0.63636364 | O6: =7/9 -> 0.77777778 | P6: 10 | Q6: 7
A7: Ден | B7: =SUM(C7:Q7) -> 122.625 | C7: =VLOOKUP(A7,'недельный зачет'!$A:$B,2,FALSE) -> 21 | D7: =HLOOKUP(A7,'все бани'!$1:$7,7,FALSE) -> 10 | E7: =HLOOKUP(A7,'все бани'!$1:$7,6,FALSE) -> 0 | F7: =HLOOKUP(A7,'все бани'!$1:$7,5,FALSE) -> 13 | G7: =HLOOKUP(A7,'все бани'!$1:$7,2,FALSE) -> 8 | H7: =HLOOKUP(A7,'все бани'!$1:$7,4,FALSE) -> 15 | I7: =HLOOKUP(A7,'все бани'!$1:$7,3,FALSE) -> 3 | J7: 0 | K7: =7/8 -> 0.875 | L7: 13.5 | M7: 12 | N7: 6 | O7: 10 | P7: =13/4 -> 3.25 | Q7: 7
A8: Диман | B8: =SUM(C8:Q8) -> 90.908333 | C8: =VLOOKUP(A8,'недельный зачет'!$A:$B,2,FALSE) -> 13 | D8: =HLOOKUP(A8,'все бани'!$1:$7,7,FALSE) -> 12 | E8: =HLOOKUP(A8,'все бани'!$1:$7,6,FALSE) -> 2 | F8: =HLOOKUP(A8,'все бани'!$1:$7,5,FALSE) -> 10 | G8: =HLOOKUP(A8,'все бани'!$1:$7,2,FALSE) -> 12 | H8: =HLOOKUP(A8,'все бани'!$1:$7,4,FALSE) -> 11 | I8: =HLOOKUP(A8,'все бани'!$1:$7,3,FALSE) -> 4 | J8: 8 | K8: =7/8 -> 0.875 | L8: 5 | M8: =7/10 -> 0.7 | N8: =37/3 -> 12.333333 | O8: 0 | P8: 0 | Q8: 0
A9: Арс | B9: =SUM(C9:Q9) -> 70.739141 | C9: =VLOOKUP(A9,'недельный зачет'!$A:$B,2,FALSE) -> 13 | D9: =HLOOKUP(A9,'все бани'!$1:$7,7,FALSE) -> 9 | E9: =HLOOKUP(A9,'все бани'!$1:$7,6,FALSE) -> 1 | F9: =HLOOKUP(A9,'все бани'!$1:$7,5,FALSE) -> 12 | G9: =HLOOKUP(A9,'все бани'!$1:$7,2,FALSE) -> 6 | H9: =HLOOKUP(A9,'все бани'!$1:$7,4,FALSE) -> 7 | I9: =HLOOKUP(A9,'все бани'!$1:$7,3,FALSE) -> 5 | J9: =3/8 -> 0.375 | K9: 0 | L9: 5 | M9: =7/10 -> 0.7 | N9: =7/11 -> 0.63636364 | O9: =7/9 -> 0.77777778 | P9: =13/4 -> 3.25 | Q9: 7
A10: Фил | B10: =SUM(C10:Q10) -> 66.852778 | C10: =VLOOKUP(A10,'недельный зачет'!$A:$B,2,FALSE) -> 11 | D10: =HLOOKUP(A10,'все бани'!$1:$7,7,FALSE) -> 11 | E10: =HLOOKUP(A10,'все бани'!$1:$7,6,FALSE) -> 3 | F10: =HLOOKUP(A10,'все бани'!$1:$7,5,FALSE) -> 7 | G10: =HLOOKUP(A10,'все бани'!$1:$7,2,FALSE) -> 11 | H10: =HLOOKUP(A10,'все бани'!$1:$7,4,FALSE) -> 11 | I10: =HLOOKUP(A10,'все бани'!$1:$7,3,FALSE) -> 3 | J10: =3/8 -> 0.375 | K10: 0 | L10: 0 | M10: =7/10 -> 0.7 | N10: 8 | O10: =7/9 -> 0.77777778 | P10: 0 | Q10: 0
A11: san4ony | B11: =SUM(C11:Q11) -> 56.589141 | C11: =VLOOKUP(A11,'недельный зачет'!$A:$B,2,FALSE) -> 12 | D11: =HLOOKUP(A11,'все бани'!$1:$7,7,FALSE) -> 6 | E11: =HLOOKUP(A11,'все бани'!$1:$7,6,FALSE) -> 5 | F11: =HLOOKUP(A11,'все бани'!$1:$7,5,FALSE) -> 10 | G11: =HLOOKUP(A11,'все бани'!$1:$7,2,FALSE) -> 2 | H11: =HLOOKUP(A11,'все бани'!$1:$7,4,FALSE) -> 9 | I11: =HLOOKUP(A11,'все бани'!$1:$7,3,FALSE) -> 4 | J11: 0 | K11: =7/8 -> 0.875 | L11: 5 | M11: =7/10 -> 0.7 | N11: =7/11 -> 0.63636364 | O11: =7/9 -> 0.77777778 | P11: 0 | Q11: =3/5 -> 0.6
A12: Хвост | B12: =SUM(C12:Q12) -> 46.375 | C12: =VLOOKUP(A12,'недельный зачет'!$A:$B,2,FALSE) -> 8 | D12: =HLOOKUP(A12,'все бани'!$1:$7,7,FALSE) -> 7 | E12: =HLOOKUP(A12,'все бани'!$1:$7,6,FALSE) -> 1 | F12: =HLOOKUP(A12,'все бани'!$1:$7,5,FALSE) -> 6 | G12: =HLOOKUP(A12,'все бани'!$1:$7,2,FALSE) -> 5 | H12: =HLOOKUP(A12,'все бани'!$1:$7,4,FALSE) -> 5 | I12: =HLOOKUP(A12,'все бани'!$1:$7,3,FALSE) -> 3 | J12: 0 | K12: =7/8 -> 0.875 | L12: =1/4 -> 0.25 | M12: 0 | N12: 0 | O12: 7 | P12: =13/4 -> 3.25 | Q12: 0
A13: Миша П | B13: =SUM(C13:Q13) -> 41.902778 | C13: =VLOOKUP(A13,'недельный зачет'!$A:$B,2,FALSE) -> 9 | D13: =HLOOKUP(A13,'все бани'!$1:$7,7,FALSE) -> 6 | E13: =HLOOKUP(A13,'все бани'!$1:$7,6,FALSE) -> 2 | F13: =HLOOKUP(A13,'все бани'!$1:$7,5,FALSE) -> 2 | G13: =HLOOKUP(A13,'все бани'!$1:$7,2,FALSE) -> 0 | H13: =HLOOKUP(A13,'все бани'!$1:$7,4,FALSE) -> 2 | I13: =HLOOKUP(A13,'все бани'!$1:$7,3,FALSE) -> 3 | J13: 8 | K13: =7/8 -> 0.875 | L13: =1/4 -> 0.25 | M13: 8 | N13: 0 | O13: =7/9 -> 0.77777778 | P13: 0 | Q13: 0
A14: Данюс | B14: =SUM(C14:Q14) -> 32.664141 | C14: =VLOOKUP(A14,'недельный зачет'!$A:$B,2,FALSE) -> 7 | D14: =HLOOKUP(A14,'все бани'!$1:$7,7,FALSE) -> 4 | E14: =HLOOKUP(A14,'все бани'!$1:$7,6,FALSE) -> 1 | F14: =HLOOKUP(A14,'все бани'!$1:$7,5,FALSE) -> 6 | G14: =HLOOKUP(A14,'все бани'!$1:$7,2,FALSE) -> 0 | H14: =HLOOKUP(A14,'все бани'!$1:$7,4,FALSE) -> 3 | I14: =HLOOKUP(A14,'все бани'!$1:$7,3,FALSE) -> 2 | J14: 8 | K14: 0 | L14: =1/4 -> 0.25 | M14: 0 | N14: =7/11 -> 0.63636364 | O14: =7/9 -> 0.77777778 | P14: 0 | Q14: 0
A15: Ахмед | B15: =SUM(C15:Q15) -> 27.55 | C15: =VLOOKUP(A15,'недельный зачет'!$A:$B,2,FALSE) -> 6 | D15: =HLOOKUP(A15,'все бани'!$1:$7,7,FALSE) -> 4 | E15: =HLOOKUP(A15,'все бани'!$1:$7,6,FALSE) -> 1 | F15: =HLOOKUP(A15,'все бани'!$1:$7,5,FALSE) -> 5 | G15: =HLOOKUP(A15,'все бани'!$1:$7,2,FALSE) -> 0 | H15: =HLOOKUP(A15,'все бани'!$1:$7,4,FALSE) -> 5 | I15: =HLOOKUP(A15,'все бани'!$1:$7,3,FALSE) -> 4 | J15: =3/8 -> 0.375 | K15: =7/8 -> 0.875 | L15: 0 | M15: =7/10 -> 0.7 | N15: 0 | O15: 0 | P15: 0 | Q15: =3/5 -> 0.6
A16: Даня | B16: =SUM(C16:Q16) -> 25.636364 | C16: =VLOOKUP(A16,'недельный зачет'!$A:$B,2,FALSE) -> 4 | D16: =HLOOKUP(A16,'все бани'!$1:$7,7,FALSE) -> 3 | E16: =HLOOKUP(A16,'все бани'!$1:$7,6,FALSE) -> 1 | F16: =HLOOKUP(A16,'все бани'!$1:$7,5,FALSE) -> 2 | G16: =HLOOKUP(A16,'все бани'!$1:$7,2,FALSE) -> 4 | H16: =HLOOKUP(A16,'все бани'!$1:$7,4,FALSE) -> 1 | I16: =HLOOKUP(A16,'все бани'!$1:$7,3,FALSE) -> 3 | J16: 0 | K16: 0 | L16: 0 | M16: 0 | N16: =7/11 -> 0.63636364 | O16: 7 | P16: 0 | Q16: 0
A17: Симба | B17: =SUM(C17:Q17) -> 25.277778 | C17: =VLOOKUP(A17,'недельный зачет'!$A:$B,2,FALSE) -> 3 | D17: =HLOOKUP(A17,'все бани'!$1:$7,7,FALSE) -> 2 | E17: =HLOOKUP(A17,'все бани'!$1:$7,6,FALSE) -> 1 | F17: =HLOOKUP(A17,'все бани'!$1:$7,5,FALSE) -> 1 | G17: =HLOOKUP(A17,'все бани'!$1:$7,2,FALSE) -> 2 | H17: =HLOOKUP(A17,'все бани'!$1:$7,4,FALSE) -> 0 | I17: =HLOOKUP(A17,'все бани'!$1:$7,3,FALSE) -> 2 | J17: 0 | K17: 0 | L17: 0 | M17: 0 | N17: 0 | O17: =7/9 -> 0.77777778 | P17: 0 | Q17: 13.5
A18: Alex B | B18: =SUM(C18:Q18) -> 29.211364 | C18: =VLOOKUP(A18,'недельный зачет'!$A:$B,2,FALSE) -> 7 | D18: =HLOOKUP(A18,'все бани'!$1:$7,7,FALSE) -> 6 | E18: =HLOOKUP(A18,'все бани'!$1:$7,6,FALSE) -> 1 | F18: =HLOOKUP(A18,'все бани'!$1:$7,5,FALSE) -> 4 | G18: =HLOOKUP(A18,'все бани'!$1:$7,2,FALSE) -> 2 | H18: =HLOOKUP(A18,'все бани'!$1:$7,4,FALSE) -> 4 | I18: =HLOOKUP(A18,'все бани'!$1:$7,3,FALSE) -> 3 | J18: 0 | K18: =7/8 -> 0.875 | L18: 0 | M18: =7/10 -> 0.7 | N18: =7/11 -> 0.63636364 | O18: 0 | P18: 0 | Q18: 0
A19: Махмуд | B19: =SUM(C19:Q19) -> 29.475 | C19: =VLOOKUP(A19,'недельный зачет'!$A:$B,2,FALSE) -> 5 | D19: =HLOOKUP(A19,'все бани'!$1:$7,7,FALSE) -> 5 | E19: =HLOOKUP(A19,'все бани'!$1:$7,6,FALSE) -> 1 | F19: =HLOOKUP(A19,'все бани'!$1:$7,5,FALSE) -> 4 | G19: =HLOOKUP(A19,'все бани'!$1:$7,2,FALSE) -> 6 | H19: =HLOOKUP(A19,'все бани'!$1:$7,4,FALSE) -> 4 | I19: =HLOOKUP(A19,'все бани'!$1:$7,3,FALSE) -> 3 | J19: 0 | K19: =7/8 -> 0.875 | L19: 0 | M19: 0 | N19: 0 | O19: 0 | P19: 0 | Q19: =3/5 -> 0.6
A20: Толмач | B20: =SUM(C20:Q20) -> 18.789141 | C20: =VLOOKUP(A20,'недельный зачет'!$A:$B,2,FALSE) -> 4 | D20: =HLOOKUP(A20,'все бани'!$1:$7,7,FALSE) -> 4 | E20: =HLOOKUP(A20,'все бани'!$1:$7,6,FALSE) -> 2 | F20: =HLOOKUP(A20,'все бани'!$1:$7,5,FALSE) -> 1 | G20: =HLOOKUP(A20,'все бани'!$1:$7,2,FALSE) -> 1 | H20: =HLOOKUP(A20,'все бани'!$1:$7,4,FALSE) -> 1 | I20: =HLOOKUP(A20,'все бани'!$1:$7,3,FALSE) -> 4 | J20: =3/8 -> 0.375 | K20: 0 | L20: 0 | M20: 0 | N20: =7/11 -> 0.63636364 | O20: =7/9 -> 0.77777778 | P20: 0 | Q20: 0
A21: Макс | B21: =SUM(C21:Q21) -> 17.636364 | C21: =VLOOKUP(A21,'недельный зачет'!$A:$B,2,FALSE) -> 3 | D21: =HLOOKUP(A21,'все бани'!$1:$7,7,FALSE) -> 3 | E21: =HLOOKUP(A21,'все бани'!$1:$7,6,FALSE) -> 0 | F21: =HLOOKUP(A21,'все бани'!$1:$7,5,FALSE) -> 2 | G21: =HLOOKUP(A21,'все бани'!$1:$7,2,FALSE) -> 5 | H21: =HLOOKUP(A21,'все бани'!$1:$7,4,FALSE) -> 1 | I21: =HLOOKUP(A21,'все бани'!$1:$7,3,FALSE) -> 3 | J21: 0 | K21: 0 | L21: 0 | M21: 0 | N21: =7/11 -> 0.63636364 | O21: 0 | P21: 0 | Q21: 0
A22: Жанат | B22: =SUM(C22:Q22) -> 13.636364 | C22: =VLOOKUP(A22,'недельный зачет'!$A:$B,2,FALSE) -> 2 | D22: =HLOOKUP(A22,'все бани'!$1:$7,7,FALSE) -> 2 | E22: =HLOOKUP(A22,'все бани'!$1:$7,6,FALSE) -> 0 | F22: =HLOOKUP(A22,'все бани'!$1:$7,5,FALSE) -> 2 | G22: =HLOOKUP(A22,'все бани'!$1:$7,2,FALSE) -> 4 | H22: =HLOOKUP(A22,'все бани'!$1:$7,4,FALSE) -> 1 | I22: =HLOOKUP(A22,'все бани'!$1:$7,3,FALSE) -> 2 | J22: 0 | K22: 0 | L22: 0 | M22: 0 | N22: =7/11 -> 0.63636364 | O22: 0 | P22: 0 | Q22: 0
A23: Женёк З | B23: =SUM(C23:Q23) -> 13.011364 | C23: =VLOOKUP(A23,'недельный зачет'!$A:$B,2,FALSE) -> 2 | D23: =HLOOKUP(A23,'все бани'!$1:$7,7,FALSE) -> 2 | E23: =HLOOKUP(A23,'все бани'!$1:$7,6,FALSE) -> 1 | F23: =HLOOKUP(A23,'все бани'!$1:$7,5,FALSE) -> 1 | G23: =HLOOKUP(A23,'все бани'!$1:$7,2,FALSE) -> 1 | H23: =HLOOKUP(A23,'все бани'!$1:$7,4,FALSE) -> 1 | I23: =HLOOKUP(A23,'все бани'!$1:$7,3,FALSE) -> 4 | J23: =3/8 -> 0.375 | K23: 0 | L23: 0 | M23: 0 | N23: =7/11 -> 0.63636364 | O23: 0 | P23: 0 | Q23: 0
A24: Леха С | B24: =SUM(C24:Q24) -> 11.075 | C24: =VLOOKUP(A24,'недельный зачет'!$A:$B,2,FALSE) -> 2 | D24: =HLOOKUP(A24,'все бани'!$1:$7,7,FALSE) -> 2 | E24: =HLOOKUP(A24,'все бани'!$1:$7,6,FALSE) -> 2 | F24: =HLOOKUP(A24,'все бани'!$1:$7,5,FALSE) -> 1 | G24: =HLOOKUP(A24,'все бани'!$1:$7,2,FALSE) -> 0 | H24: =HLOOKUP(A24,'все бани'!$1:$7,4,FALSE) -> 0 | I24: =HLOOKUP(A24,'все бани'!$1:$7,3,FALSE) -> 3 | J24: =3/8 -> 0.375 | K24: 0 | L24: 0 | M24: =7/10 -> 0.7 | N24: 0 | O24: 0 | P24: 0 | Q24: 0
A25: Вадик | B25: =SUM(C25:Q25) -> 9.6363636 | C25: =VLOOKUP(A25,'недельный зачет'!$A:$B,2,FALSE) -> 1 | D25: =HLOOKUP(A25,'все бани'!$1:$7,7,FALSE) -> 1 | E25: =HLOOKUP(A25,'все бани'!$1:$7,6,FALSE) -> 0 | F25: =HLOOKUP(A25,'все бани'!$1:$7,5,FALSE) -> 1 | G25: =HLOOKUP(A25,'все бани'!$1:$7,2,FALSE) -> 3 | H25: =HLOOKUP(A25,'все бани'!$1:$7,4,FALSE) -> 1 | I25: =HLOOKUP(A25,'все бани'!$1:$7,3,FALSE) -> 2 | J25: 0 | K25: 0 | L25: 0 | M25: 0 | N25: =7/11 -> 0.63636364 | O25: 0 | P25: 0 | Q25: 0
A26: Дёс | B26: =SUM(C26:Q26) -> 12 | C26: =VLOOKUP(A26,'недельный зачет'!$A:$B,2,FALSE) -> 2 | D26: =HLOOKUP(A26,'все бани'!$1:$7,7,FALSE) -> 2 | E26: =HLOOKUP(A26,'все бани'!$1:$7,6,FALSE) -> 0 | F26: =HLOOKUP(A26,'все бани'!$1:$7,5,FALSE) -> 2 | G26: =HLOOKUP(A26,'все бани'!$1:$7,2,FALSE) -> 2 | H26: =HLOOKUP(A26,'все бани'!$1:$7,4,FALSE) -> 2 | I26: =HLOOKUP(A26,'все бани'!$1:$7,3,FALSE) -> 2 | J26: 0 | K26: 0 | L26: 0 | M26: 0 | N26: 0 | O26: 0 | P26: 0 | Q26: 0
A27: Чен | B27: =SUM(C27:Q27) -> 6.7 | C27: =VLOOKUP(A27,'недельный зачет'!$A:$B,2,FALSE) -> 1 | D27: =HLOOKUP(A27,'все бани'!$1:$7,7,FALSE) -> 1 | E27: =HLOOKUP(A27,'все бани'!$1:$7,6,FALSE) -> 1 | F27: =HLOOKUP(A27,'все бани'!$1:$7,5,FALSE) -> 0 | G27: =HLOOKUP(A27,'все бани'!$1:$7,2,FALSE) -> 0 | H27: =HLOOKUP(A27,'все бани'!$1:$7,4,FALSE) -> 1 | I27: =HLOOKUP(A27,'все бани'!$1:$7,3,FALSE) -> 2 | J27: 0 | K27: 0 | L27: 0 | M27: =7/10 -> 0.7 | N27: 0 | O27: 0 | P27: 0 | Q27: 0
A28: Пашок | B28: =SUM(C28:Q28) -> 6.375 | C28: =VLOOKUP(A28,'недельный зачет'!$A:$B,2,FALSE) -> 1 | D28: =HLOOKUP(A28,'все бани'!$1:$7,7,FALSE) -> 1 | E28: =HLOOKUP(A28,'все бани'!$1:$7,6,FALSE) -> 1 | F28: =HLOOKUP(A28,'все бани'!$1:$7,5,FALSE) -> 0 | G28: =HLOOKUP(A28,'все бани'!$1:$7,2,FALSE) -> 1 | H28: =HLOOKUP(A28,'все бани'!$1:$7,4,FALSE) -> 0 | I28: =HLOOKUP(A28,'все бани'!$1:$7,3,FALSE) -> 2 | J28: =3/8 -> 0.375 | K28: 0 | L28: 0 | M28: 0 | N28: 0 | O28: 0 | P28: 0 | Q28: 0
A29: Костян | B29: =SUM(C29:Q29) -> 6 | C29: =VLOOKUP(A29,'недельный зачет'!$A:$B,2,FALSE) -> 1 | D29: =HLOOKUP(A29,'все бани'!$1:$7,7,FALSE) -> 1 | E29: =HLOOKUP(A29,'все бани'!$1:$7,6,FALSE) -> 0 | F29: =HLOOKUP(A29,'все бани'!$1:$7,5,FALSE) -> 1 | G29: =HLOOKUP(A29,'все бани'!$1:$7,2,FALSE) -> 1 | H29: =HLOOKUP(A29,'все бани'!$1:$7,4,FALSE) -> 0 | I29: =HLOOKUP(A29,'все бани'!$1:$7,3,FALSE) -> 2 | J29: 0 | K29: 0 | L29: 0 | M29: 0 | N29: 0 | O29: 0 | P29: 0 | Q29: 0
A30: Король | B30: =SUM(C30:Q30) -> 6 | C30: =VLOOKUP(A30,'недельный зачет'!$A:$B,2,FALSE) -> 1 | D30: =HLOOKUP(A30,'все бани'!$1:$7,7,FALSE) -> 1 | E30: =HLOOKUP(A30,'все бани'!$1:$7,6,FALSE) -> 0 | F30: =HLOOKUP(A30,'все бани'!$1:$7,5,FALSE) -> 1 | G30: =HLOOKUP(A30,'все бани'!$1:$7,2,FALSE) -> 0 | H30: =HLOOKUP(A30,'все бани'!$1:$7,4,FALSE) -> 1 | I30: =HLOOKUP(A30,'все бани'!$1:$7,3,FALSE) -> 2 | J30: 0 | K30: 0 | L30: 0 | M30: 0 | N30: 0 | O30: 0 | P30: 0 | Q30: 0
A31: Серёга | B31: =SUM(C31:Q31) -> 0 | C31: =VLOOKUP(A31,'недельный зачет'!$A:$B,2,FALSE) -> 0 | D31: =HLOOKUP(A31,'все бани'!$1:$7,7,FALSE) -> 0 | E31: =HLOOKUP(A31,'все бани'!$1:$7,6,FALSE) -> 0 | F31: =HLOOKUP(A31,'все бани'!$1:$7,5,FALSE) -> 0 | G31: =HLOOKUP(A31,'все бани'!$1:$7,2,FALSE) -> 0 | H31: =HLOOKUP(A31,'все бани'!$1:$7,4,FALSE) -> 0 | I31: =HLOOKUP(A31,'все бани'!$1:$7,3,FALSE) -> 0 | J31: 0 | K31: 0 | L31: 0 | M31: 0 | N31: 0 | O31: 0 | P31: 0 | Q31: 0
A32: Саня С | B32: =SUM(C32:Q32) -> 0 | C32: =VLOOKUP(A32,'недельный зачет'!$A:$B,2,FALSE) -> 0 | D32: =HLOOKUP(A32,'все бани'!$1:$7,7,FALSE) -> 0 | E32: =HLOOKUP(A32,'все бани'!$1:$7,6,FALSE) -> 0 | F32: =HLOOKUP(A32,'все бани'!$1:$7,5,FALSE) -> 0 | G32: =HLOOKUP(A32,'все бани'!$1:$7,2,FALSE) -> 0 | H32: =HLOOKUP(A32,'все бани'!$1:$7,4,FALSE) -> 0 | I32: =HLOOKUP(A32,'все бани'!$1:$7,3,FALSE) -> 0 | J32: 0 | K32: 0 | L32: 0 | M32: 0 | N32: 0 | O32: 0 | P32: 0 | Q32: 0
A33: Самат | B33: =SUM(C33:Q33) -> 0 | C33: =VLOOKUP(A33,'недельный зачет'!$A:$B,2,FALSE) -> 0 | D33: =HLOOKUP(A33,'все бани'!$1:$7,7,FALSE) -> 0 | E33: =HLOOKUP(A33,'все бани'!$1:$7,6,FALSE) -> 0 | F33: =HLOOKUP(A33,'все бани'!$1:$7,5,FALSE) -> 0 | G33: =HLOOKUP(A33,'все бани'!$1:$7,2,FALSE) -> 0 | H33: =HLOOKUP(A33,'все бани'!$1:$7,4,FALSE) -> 0 | I33: =HLOOKUP(A33,'все бани'!$1:$7,3,FALSE) -> 0 | J33: 0 | K33: 0 | L33: 0 | M33: 0 | N33: 0 | O33: 0 | P33: 0 | Q33: 0
A34: Дор | B34: =SUM(C34:Q34) -> 0 | C34: =VLOOKUP(A34,'недельный зачет'!$A:$B,2,FALSE) -> 0 | D34: =HLOOKUP(A34,'все бани'!$1:$7,7,FALSE) -> 0 | E34: =HLOOKUP(A34,'все бани'!$1:$7,6,FALSE) -> 0 | F34: =HLOOKUP(A34,'все бани'!$1:$7,5,FALSE) -> 0 | G34: =HLOOKUP(A34,'все бани'!$1:$7,2,FALSE) -> 0 | H34: =HLOOKUP(A34,'все бани'!$1:$7,4,FALSE) -> 0 | I34: =HLOOKUP(A34,'все бани'!$1:$7,3,FALSE) -> 0 | J34: 0 | K34: 0 | L34: 0 | M34: 0 | N34: 0 | O34: 0 | P34: 0 | Q34: 0

Sheet недельный зачет
B1: =SUM(B3:B191) -> 267 | C1: =SUM(C3:C191) -> 35 | D1: =SUM(D3:D191) -> 22 | E1: =SUM(E3:E191) -> 22 | F1: =SUM(F3:F191) -> 23 | G1: =SUM(G3:G191) -> 23 | H1: =SUM(H3:H191) -> 28 | I1: =SUM(I3:I191) -> 28 | ... K1: =SUM(K3:K191) -> 19
B2: Всего | C2: W9 | D2: W8 | E2: W7 | F2: W6 | G2: W5 | H2: W4 | I2: W3 | J2: W2 | K2: W1
A3: Денис | B3: =SUM(C3:K3) -> 34 | C3: 3 | D3: 4 | E3: 3 | F3: 4 | G3: 4 | H3: 4 | I3: 8 | J3: 3 | K3: 1
A4: Леха | B4: =SUM(C4:K4) -> 30 | C4: 4 | D4: 2 | E4: 3 | F4: 3 | G4: 2 | H4: 0 | I4: 4 | J4: 11 | K4: 1
A5: Шурик | B5: =SUM(C5:K5) -> 20 | D5: 1 | E5: 2 | F5: 0 | G5: 1 | H5: 0 | I5: 1 | J5: 12 | K5: 3
A6: Витёк | B6: =SUM(C6:K6) -> 24 | C6: 4 | D6: 2 | E6: 3 | F6: 1 | G6: 1 | H6: 4 | I6: 1 | J6: 6 | K6: 2
A7: Женёк В | B7: =SUM(C7:K7) -> 20 | C7: 1 | D7: 0 | E7: 3 | F7: 2 | G7: 2 | H7: 1 | I7: 1 | J7: 8 | K7: 2
A8: Ден | B8: =SUM(C8:K8) -> 21 | C8: 3 | D8: 0 | E8: 1 | F8: 4 | G8: 3 | H8: 2 | I8: 3 | J8: 3 | K8: 2
A9: Арс | B9: =SUM(C9:K9) -> 13 | C9: 2 | D9: 1 | E9: 0 | F9: 2 | G9: 1 | H9: 1 | I9: 1 | J9: 3 | K9: 2
A10: Диман | B10: =SUM(C10:K10) -> 13 | C10: 3 | D10: 2 | E10: 1 | F10: 2 | G10: 1 | H10: 4 | I10: 0 | J10: 0 | K10: 0
A11: san4ony | B11: =SUM(C11:K11) -> 12 | C11: 3 | D11: 0 | E11: 1 | F11: 2 | G11: 1 | H11: 1 | I11: 1 | J11: 2 | K11: 1
A12: Фил | B12: =SUM(C12:K12) -> 11 | C12: 3 | D12: 1 | E12: 0 | F12: 0 | G12: 1 | H12: 3 | I12: 1 | J12: 2 | K12: 0
A13: Миша П | B13: =SUM(C13:K13) -> 9 | C13: 1 | D13: 2 | E13: 1 | F13: 1 | G13: 2 | H13: 0 | I13: 1 | J13: 1 | K13: 0
A14: Хвост | B14: =SUM(C14:K14) -> 8 | C14: 1 | D14: 0 | E14: 1 | F14: 1 | G14: 0 | H14: 0 | I14: 2 | J14: 3 | K14: 0
A15: Данюс | B15: =SUM(C15:K15) -> 7 | D15: 2 | E15: 0 | F15: 1 | G15: 0 | H15: 1 | I15: 1 | J15: 2 | K15: 0
A16: Ахмед | B16: =SUM(C16:K16) -> 6 | D16: 1 | E16: 1 | F16: 0 | G16: 1 | H16: 0 | I16: 0 | J16: 2 | K16: 1
A17: Alex B | B17: =SUM(C17:K17) -> 7 | C17: 2 | D17: 0 | E17: 1 | F17: 0 | G17: 1 | H17: 1 | I17: 0 | J17: 2 | K17: 0
A18: Даня | B18: =SUM(C18:K18) -> 4 | D18: 0 | E18: 0 | F18: 0 | G18: 0 | H18: 1 | I18: 2 | J18: 1 | K18: 0
A19: Симба | B19: =SUM(C19:K19) -> 3 | D19: 0 | E19: 0 | F19: 0 | G19: 0 | H19: 0 | I19: 0 | J19: 0 | K19: 3
A20: Махмуд | B20: =SUM(C20:K20) -> 5 | C20: 2 | D20: 0 | E20: 1 | F20: 0 | G20: 0 | H20: 0 | I20: 0 | J20: 1 | K20: 1
A21: Толмач | B21: =SUM(C21:K21) -> 4 | C21: 1 | D21: 1 | E21: 0 | F21: 0 | G21: 0 | H21: 1 | I21: 1 | J21: 0 | K21: 0
A22: Жанат | B22: =SUM(C22:K22) -> 2 | D22: 0 | E22: 0 | F22: 0 | G22: 0 | H22: 1 | I22: 0 | J22: 1 | K22: 0
A23: Макс | B23: =SUM(C23:K23) -> 3 | C23: 1 | D23: 0 | E23: 0 | F23: 0 | G23: 0 | H23: 1 | I23: 0 | J23: 1 | K23: 0
A24: Женёк З | B24: =SUM(C24:K24) -> 2 | D24: 1 | E24: 0 | F24: 0 | G24: 0 | H24: 1 | I24: 0 | J24: 0 | K24: 0
A25: Леха С | B25: =SUM(C25:K25) -> 2 | D25: 1 | E25: 0 | F25: 0 | G25: 1 | H25: 0 | I25: 0 | J25: 0 | K25: 0
A26: Король | B26: =SUM(C26:K26) -> 1 | D26: 0 | E26: 0 | F26: 0 | G26: 0 | H26: 0 | I26: 0 | J26: 1 | K26: 0
A27: Дёс | B27: =SUM(C27:K27) -> 2 | C27: 1 | D27: 0 | E27: 0 | F27: 0 | G27: 0 | H27: 0 | I27: 0 | J27: 1 | K27: 0
A28: Костян | B28: =SUM(C28:K28) -> 1 | D28: 0 | E28: 0 | F28: 0 | G28: 0 | H28: 0 | I28: 0 | J28: 1 | K28: 0
A29: Вадик | B29: =SUM(C29:K29) -> 1 | D29: 0 | E29: 0 | F29: 0 | G29: 0 | H29: 1 | I29: 0 | J29: 0 | K29: 0
A30: Чен | B30: =SUM(C30:K30) -> 1 | D30: 0 | E30: 0 | F30: 0 | G30: 1 | H30: 0 | I30: 0 | J30: 0 | K30: 0
A31: Пашок | B31: =SUM(C31:K31) -> 1 | D31: 1 | E31: 0 | F31: 0 | G31: 0 | H31: 0 | I31: 0 | J31: 0 | K31: 0
A32: Саня С | B32: =SUM(C32:K32) -> 0 | D32: 0 | E32: 0 | F32: 0 | G32: 0 | H32: 0 | I32: 0 | J32: 0 | K32: 0
A33: Самат | B33: =SUM(C33:K33) -> 0 | D33: 0 | E33: 0 | F33: 0 | G33: 0 | H33: 0 | I33: 0 | J33: 0 | K33: 0
A34: Дор | B34: =SUM(C34:K34) -> 0 | D34: 0 | E34: 0 | F34: 0 | G34: 0 | H34: 0 | I34: 0 | J34: 0 | K34: 0
A35: Серёга | B35: =SUM(C35:K35) -> 0 | D35: 0 | E35: 0 | F35: 0 | G35: 0 | H35: 0 | I35: 0 | J35: 0 | K35: 0

Sheet все бани
A1: Страна | B1: Регион | C1: =SUM(D8:AJ1620) -> 267 | D1: Ден | E1: Диман | F1: Шурик | G1: Хвост | H1: Денис | I1: Леха | J1: Фил | K1: Витёк | L1: Арс | M1: Женёк В | N1: Даня | O1: Ахмед | P1: Данюс | Q1: Махмуд | R1: Король | S1: Alex B | T1: Чен | U1: Миша П | V1: Женёк З | W1: Симба | X1: Жанат | Y1: Леха С | Z1: Макс | AA1: Пашок | AB1: Дёс | AC1: Костян | AD1: Толмач | AE1: Саня С | AF1: Вадик | AG1: Самат | AH1: Дор | AI1: Серёга | AJ1: san4ony
C2: Компания | D2: 8 | E2: 12 | F2: 9 | G2: 5 | H2: 0 | I2: 13 | J2: 11 | K2: 16 | L2: 6 | M2: 9 | N2: 4 | O2: 0 | P2: 0 | Q2: 6 | R2: 0 | S2: 2 | T2: 0 | U2: 0 | V2: 1 | W2: 2 | X2: 4 | Y2: 0 | Z2: 5 | AA2: 1 | AB2: 2 | AC2: 1 | AD2: 1 | AE2: 0 | AF2: 3 | AG2: 0 | AH2: 0 | AI2: 0 | AJ2: 2
C3: Региональная | D3: 3 | E3: 4 | F3: 17 | G3: 3 | H3: 5 | I3: 11 | J3: 3 | K3: 7 | L3: 5 | M3: 11 | N3: 3 | O3: 4 | P3: 2 | Q3: 3 | R3: 2 | S3: 3 | T3: 2 | U3: 3 | V3: 4 | W3: 2 | X3: 2 | Y3: 3 | Z3: 3 | AA3: 2 | AB3: 2 | AC3: 2 | AD3: 4 | AE3: 0 | AF3: 2 | AG3: 0 | AH3: 0 | AI3: 0 | AJ3: 4
C4: Общественная | D4: 15 | E4: 11 | F4: 14 | G4: 5 | H4: 1 | I4: 14 | J4: 11 | K4: 13 | L4: 7 | M4: 12 | N4: 1 | O4: 5 | P4: 3 | Q4: 4 | R4: 1 | S4: 4 | T4: 1 | U4: 2 | V4: 1 | W4: 0 | X4: 1 | Y4: 0 | Z4: 1 | AA4: 0 | AB4: 2 | AC4: 0 | AD4: 1 | AE4: 0 | AF4: 1 | AG4: 0 | AH4: 0 | AI4: 0 | AJ4: 9
C5: Долгая (>2,5ч) | D5: 13 | E5: 10 | F5: 8 | G5: 6 | H5: 2 | I5: 13 | J5: 7 | K5: 13 | L5: 12 | M5: 7 | N5: 2 | O5: 5 | P5: 6 | Q5: 4 | R5: 1 | S5: 4 | T5: 0 | U5: 2 | V5: 1 | W5: 1 | X5: 2 | Y5: 1 | Z5: 2 | AA5: 0 | AB5: 2 | AC5: 1 | AD5: 1 | AE5: 0 | AF5: 1 | AG5: 0 | AH5: 0 | AI5: 0 | AJ5: 10
C6: Ультра Уникальные | D6: 0 | E6: 2 | F6: 18 | G6: 1 | H6: 3 | I6: 13 | J6: 3 | K6: 9 | L6: 1 | M6: 8 | N6: 1 | O6: 1 | P6: 1 | Q6: 1 | R6: 0 | S6: 1 | T6: 1 | U6: 2 | V6: 1 | W6: 1 | X6: 0 | Y6: 2 | Z6: 0 | AA6: 1 | AB6: 0 | AC6: 0 | AD6: 2 | AE6: 0 | AF6: 0 | AG6: 0 | AH6: 0 | AI6: 0 | AJ6: 5
C7: Уникальные | D7: =COUNT(D8:D4620) -> 10 | E7: =COUNT(E8:E4620) -> 12 | F7: =COUNT(F8:F4620) -> 20 | G7: =COUNT(G8:G4620) -> 7 | H7: =COUNT(H8:H4620) -> 7 | I7: =COUNT(I8:I4620) -> 17 | J7: =COUNT(J8:J4620) -> 11 | K7: =COUNT(K8:K4620) -> 18 | ... AJ7: =COUNT(AJ8:AJ4620) -> 6
A8: Австрия | B8: Вена | C8: Паппенхайм2
A9: Австрия | B9: Вена | C9: Apostelbad | F9: 1
A10: Австрия | B10: Вена | C10: Dublinger
A11: Австрия | B11: Вена | C11: Jorgerbad
A12: Австрия | C12: 1р аква дом
A13: Австрия | C13: 2р аква дом
A14: Австрия | C14: Таурен Спа
A15: Австрия | C15: Römertherme Baden
A16: Австрия | C16: weberstube
A17: Армения | B17: Ереван | C17: Ереван, Cross resort
A18: Армения | B18: Ереван | C18: Ереван, Ibiza spa
A19: Армения | B19: Ереван | C19: Ереван, Ofuro spa
A20: Армения | B20: Ереван | C20: Ереванская
A21: Беларусь | B21: Минск | C21: Минск, баня 1
A22: Беларусь | B22: Минск | C22: Минск, баня 11
A23: Беларусь | B23: Минск | C23: Минск, баня 13
A24: Беларусь | B24: Минск | C24: Минск, баня 7
A25: Беларусь | B25: Минск | C25: Минск, баня 8
A26: Беларусь | B26: Минск | C26: Минск, Лазня
A27: Беларусь | B27: Минск | C27: Минск, Президент
A28: Беларусь | B28: Минск | C28: Минск, Фристайл
A29: Беларусь | B29: Минск | C29: Минск, the Баня
A30: Бельгия | B30: Фландрия западная | C30: Гест хаус скиндлес | F30: 1 | I30: 1 | V30: 1 | AA30: 1 | AD30: 1
A31: Боливия | C31: Боливия, Palacio de Sal
A32: Венгрия | B32: Будапешт | C32: Будапешт, Сечени
A33: Гватемала | B33: Гватемала | C33: Гватемала, Westin camino hotel
A34: Германия | B34: Берлин | C34: Берлин, Babor
A35: Германия | B35: Берлин | C35: Берлин, Liquidrom
A36: Германия | B36: Берлин | C36: Берлин, Park Inn
A37: Германия | B37: Mecklenburg-Vorpommern | C37: Дом отдыха "Три чайки", Zierow | F37: 1
A38: Германия | B38: Mecklenburg-Vorpommern | C38: De Poeler Drift 5А, | F38: 1
A39: Германия | B39: Schleswig-Holstein | C39: Campusbad Фленсбург | F39: 1
A40: Германия | C40: Германия, Tropical island
A41: Германия | C41: Германия, аквапарк Мирамар
A42: Германия | C42: Германия, Баден-Баден, Caracale therm
A43: Германия | C43: Германия, Кёльн, Claudius therms
A44: Германия | C44: Германия, Мюнхен, Freizeitbad Pullach
A45: Германия | C45: Германия, Buhl, Schwitztube
A46: Гонконг | B46: Гонконг | C46: Гонконг, Kimpton tsim sha tsui
A47: Греция | C47: Греция, Санторини
A48: Грузия | B48: Аджария | C48: Батуми, Монарх отель
A49: Грузия | C49: Грузия, Гудаури Марко Поло отель
A50: Грузия | C50: Грузия, Chreli Abano
A51: Грузия | C51: Грузия, Kazbegi rooms
A52: Грузия | C52: Тбилиси, баня 5
A53: Ирландия | C53: Ирландия, Хотбокс Слайго
A54: Исландия | C54: Исландия, blue lagoon
A55: Испания | C55: Испания, голодранцы
A56: Испания | C56: Испания, Сан-Себастьян, La Peria spa
A57: Испания | C57: Испания, сауна
A58: Испания | C58: Испания, balneario de archena
A59: Испания | C59: Испания, Thalasi
A60: Италия | C60: Италия, озеро Комо
A61: Казахстан | B61: Алматы | C61: Алматы, 2200 походная
A62: Казахстан | B62: Алматы | C62: Алматы, Арасан
A63: Казахстан | B63: Алматы | C63: Алматы, Хаят Рахат
A64: Казахстан | B64: Алматы | C64: Алматы, Dedemans
A65: Казахстан | B65: Астана | C65: Астана, Орловские
A66: Казахстан | B66: Астана | C66: Астана, Пихта
A67: Казахстан | C67: Казахстан, в горах
A68: Кипр | C68: Кипр, Пелендри
A69: Киргизия | B69: Бишкек | C69: Бишкек, Каусар
A70: Китай | C70: Китай, вторая
A71: Китай | C71: Китай, Харбин, Lanting
A72: Китай | C72: Китай, Hilton Beijing capital
A73: Китай | C73: Китай, Palm spring
A74: Корея | C74: Корея, Гангамстайл
A75: Латвия | B75: Рига | C75: Рига, баня 1
A76: Латвия | B76: Рига | C76: Рига, баня 1 жр
A77: Латвия | B77: Рига | C77: Рига, на Силикатной
A78: Латвия | B78: Рига | C78: Рига, Прежу 10
A79: Латвия | B79: Рига | C79: Рига, Imantas
A80: Латвия | B80: Рига | C80: Рига, Jauna Pardaugavas
A81: Латвия | B81: Рига | C81: Рига, Mana Pirts
A82: Латвия | B82: Рига | C82: Рига, Martinielas
A83: Латвия | B83: Рига | C83: Рига, Masaza
A84: Латвия | B84: Рига | C84: Рига, Nellijas
A85: Латвия | B85: Рига | C85: Рига, Pardaugavas
A86: Латвия | B86: Рига | C86: Рига, Pie Lietas
... A89: Латвия | B89: Рига | C89: Рига, Vizlas pirts
A90: Латвия | C90: Латвия, Валмиера, Peldbaseinu
A91: Латвия | C91: Латвия, Валмиерская
A92: Латвия | C92: Латвия, Вентспилс городская
A93: Латвия | C93: Латвия, Клайпедские
A94: Латвия | C94: Латвия, Кулдига Городская
A95: Латвия | C95: Латвия, Лиепая, Lacis
A96: Латвия | C96: Латвия, у Рейниса
A97: Латвия | C97: Латвия, Salaspils городская
A98: Латвия | C98: Юрмала, Priedaine
A99: Литва | B99: Вильнюс | C99: Вильнюс, Виши аквапарк
A100: Литва | C100: Литва, Pajurio pirtis
A101: Литва | C101: Литва, Sillamäe городская
A102: Марокко | C102: Марокко, Марракеш, Villas Des oranges
...

Sheet Регламент
A1: ПОЛОЖЕНИЕ О ЧЕТВЕРТОМ ЧЕМПИОНАТЕ ЕБЛ 1. Чемпионат ЕБЛ — ежегодное соревнование, проводящееся Евразийской банной лигой (ЕБЛ) с целью популяризации общественных бань. 2. В чемпионате принимают участие все участники группы ОУД. В чемпионате не могут принимать участие другие участники. Если участник вступает в группу ОУД в середине года, очки в зачет чемпионата ЕБЛ начинают ему начисляться с дня, следующего за днем вступления в группу. Если участник покидает группу ОУД, очки в зачет чемпионата ЕБЛ перестают ему начисляться с этого момента. 3. Под баней понимается специализированное для термических процедур, нагретое выше 50 °C помещение, в котором участник пребывает в раздетом виде. К баням относятся как общественные (городские) бани, так и индивидуальные банные помещения, включая ночные сауны, фитнесы и аквапарки с саунами, домашние сауны и переносные (разборные) бани. 4. В отдельную подкатегорию выделяются общественные бани, которые в целях настоящего регламента определяются как бани с выделенными мужскими часами/мужским днем в своем расписании или отдельными мужскими разрядами. В случае неопределенности решение об отнесении бани к общественной принимает комиссия. 5. Очки в чемпионате ЕБЛ начисляются за поход в баню. Очки за данный поход начисляются игроку при выполнении следующих условий: 1) поход в баню длился не менее 1 часа, 2) это был первый поход в данную баню за данные сутки, 3) поход документирован постом любого из участников чемпионата в телеграм-группу в тот же день. 6. Подсчет очков проводится еженедельно. Баня попадает в неделю, если участник зашел в нее не позднее 22:59 МСК воскресенья и прислал в этот же день информацию в группу. В случае, если информация о походе в баню прислана позже указанного срока, она попадает в следующую неделю. 7. По каждому игроку каждую неделю подсчитывается количество посещенных бань. Участники ранжируются по убыванию в зависимости от общего количества посещенных бань за неделю. Участнику, занявшему первое место, начисляется 15 очков, второе место — 12 очков, третье место — 10 очков, четвертое место — 8 очков, пятое место — 6 очков, шестое место — 4 очка, седьмое место – 2 очка, 8 место – 1 очко. Участникам, занявшим девятое и последующее места, начисляется 0 очков. В случае, если участники поделили места, им начисляется среднее арифметическое от количества баллов за эти места с округлением до десятых. Например, если 4 участника заняли 7—10 места, им начисляются по (2 + 1 + 0 + 0)/4 = 0,8 очков. Участники, не посетившие ни одной бани, получают 0 очков. 8. В случае, если ни один из участников за неделю не посетил ни одной из бань, неделя исключается из розыгрыша. 9. Очки также начисляются за факт посещения бани. За каждое посещение бани участнику начисляется 1 очко. Очки получают в т. ч. те участники, которые получили 0 очков в розыгрыше общего количества бань. 10. За каждое посещение общественной бани начисляется одно дополнительное очко. 11. В случае, если баня посещена группой, в которую входит от 3 до 5 участников ЕБЛ, каждому участнику за такое посещение дополнительно начисляется по 1 очку (категория К). Если в группе от 6 до 8 человек, каждому её участнику начисляется по 2 очка (категория КК), 9 человек и выше — по 3 очка (категория ККК). Посещение считается групповым, если участники были в бане в пределах календарных суток по московскому времени. 12. Дополнительно подсчитывается количество посещенных каждым участником уникальных бань. Уникальными считаются бани, размещенные в разных зданиях, а также бани, размещенные в одном здании, но считающиеся разными разрядами (каждый разряд снабжен отдельным входом по отдельному билету). Банные помещения одного аквапарка/фитнеса/отеля, разные срубы одной необщественной бани считаются одной баней (одним разрядом). За каждую уникальную (в пределах 2026 года) посещенную баню участник получает еще 1 очко (т. е. суммарно за посещение такой бани в первый раз участник получает 2 очка). 13. Также очки начисляются за посещение ультрауникальных бань — тех, в которых ни один из участников ЕБЛ ранее не был в 2023—2026 гг. За ультрауникальную баню каждый из участников, посетивших ее группой впервые (в пределах одного дня) в ЕБЛ, получает еще одно очко. За такое посещение бани участник суммарно получит 3 очка (не считая коллективных, региональных, общественных начислений). 14. Кроме того, очки начисляются за посещение бань в каждом регионе каждой страны. Под регионом понимается административно-территориальная единица первого уровня. Для РФ это субъект федерации, для Белоруссии, Казахстана, Армении – область, для Австрии и Германии – земля, для Грузии и Латвии – край, для Испании и Италии – историческая область, для Кипра – район, для Нидерландов, Таиланда, Турции – провинция, для ОАЭ – эмират, для США – штат, для Франции – регион, для Швейцарии – кантон, для Эстонии – уезд, для Японии – префектура. За каждый новый для себя регион в 2026 году участник получает +1 очко, за каждую новую страну – еще +1 очко. 15. Участник получает +1 очко в случае, если документально подтверждает свое пребывание в бане длительностью более 150 минут. Документальными свидетельствами являются фотографии участника, банного интерьера и экстерьера, снабженные выполненными вручную или автоматически (с помощью средств социальной сети) отметками о времени входа и выхода. Бани без двойной отметки воспринимаются как посещенные на 1 час, за них начисляется только 1 очко. При групповом посещении бани каждый участник должен самостоятельно озаботиться документированием своего посещения. 16. Очки каждого участника за все недели в течение года складываются. 17. Победителем чемпионата объявляется участник, набравший максимальное количество очков в течение года. В случае равенства этого показателя победитель выявляется по дополнительному показателю — количеству посещенных в течение года бань. 18. Чемпионат длится с 1 января 2026 года по 31 декабря 2026 года. Недели 1-4 января и 28-31 декабря дает баллы за места наравне с остальными неделями. 19. Все спорные ситуации разбираются Комиссией ЕБЛ. Секретарем Комиссии является Виктор Кудрявцев. 20. Турнирную таблицу ведет секретарь Комиссии ЕБЛ. 21. Чемпионат ЕБЛ является отборочным для Кубка ЕБЛ. Участники, занявшие 16 первых мест на дату начала Кубка (будет определена в регламенте Кубка), проходят в Кубок. Wild-card на Кубок получают чемпионы ЕБЛ прошлых лет: Филипп Лысенко, Дмитрий Радомский и Денис Мамонтов. Wild-card на Кубок получают победители Кубков прошлых лет: Ахмед Саидалиев, Дмитрий Радомский и команда Евгения Иванова и Дениса Киреева. Отдельный wild-card на одно место имеет также Комиссия. Если участник проходит в Кубок и без использования wild-card, то его wild-card в данном кубке не используется.

Sheet 2025 Общий зачет
A1: =SUM(C2:G34)-'2025 все бани'!B1-SUM('2025 все бани'!C2:AJ5) -> 0 | B1: Итого | C1: кол-во | D1: Уник | E1: УУник | F1: Дол | G1: комп | H1: W53 | I1: W52 | J1: W51 | K1: W50 | L1: W49 | M1: W48 | N1: W47 | O1: W46 | P1: W45 | Q1: W44 | R1: W43 | S1: W42 | T1: W41 | U1: W40 | V1: W39 | W1: W38 | X1: W37 | Y1: W36 | Z1: W35 | AA1: W34 | AB1: W33 | AC1: W32 | AD1: W31 | AE1: W30 | AF1: W29 | AG1: W28 | AH1: W27 | AI1: W26 | AJ1: W25 | AK1: W24 | AL1: W23 | AM1: W22 | AN1: W21 | AO1: W20 | AP1: W19 | AQ1: W18 | AR1: W17 | AS1: W16 | AT1: W15 | AU1: W14 | AV1: W13 | AW1: W12 | AX1: W11 | AY1: W10 | AZ1: W9 | BA1: W8 | BB1: W7 | BC1: W6 | BD1: W5 | BE1: W4 | BF1: W3 | BG1: W2 | BH1: W1
A2: Ден | B2: =SUM(C2:BH2) -> 662.575 | C2: =VLOOKUP(A2,'2025 недельный зачет'!$A:$B,2,FALSE) -> 162 | D2: =HLOOKUP(A2,'2025 все бани'!$1:$5,5,FALSE) -> 54 | E2: =HLOOKUP(A2,'2025 все бани'!$1:$5,4,FALSE) -> 16 | F2: =HLOOKUP(A2,'2025 все бани'!$1:$5,3,FALSE) -> 79 | G2: =HLOOKUP(A2,'2025 все бани'!$1:$5,2,FALSE) -> 48 | H2: 0.125 | I2: =1/6 -> 0.16666667 | J2: 3 | K2: 5 | L2: 0 | M2: 7 | N2: 10 | O2: 10 | P2: 8.5 | Q2: 1.6666667 | R2: 8.5 | S2: 10 | T2: 5 | U2: =11/6 -> 1.8333333 | V2: 10 | W2: 5 | X2: =22/3 -> 7.3333333 | Y2: 10 | Z2: 8.5 | AA2: 0 | AB2: 4 | AC2: 10 | AD2: 0.5 | AE2: 0 | AF2: 0 | AG2: 2 | AH2: 7 | AI2: =18/6 -> 3 | AJ2: 8.5 | AK2: 10 | AL2: 8.5 | AM2: 5 | AN2: =11/4 -> 2.75 | AO2: =22/3 -> 7.3333333 | AP2: 0 | AQ2: 4 | AR2: 8.5 | AS2: 10 | AT2: =25/4 -> 6.25 | AU2: 8.5 | AV2: 10 | AW2: 6 | AX2: =22/3 -> 7.3333333 | AY2: =11/5 -> 2.2 | AZ2: 10 | BA2: =22/3 -> 7.3333333 | BB2: 10 | BC2: 10 | BD2: =25/4 -> 6.25 | BE2: 6 | BF2: 10 | BG2: 1 | BH2: 0
A3: Шурик | B3: =SUM(C3:BH3) -> 513.2 | C3: =VLOOKUP(A3,'2025 недельный зачет'!$A:$B,2,FALSE) -> 107 | D3: =HLOOKUP(A3,'2025 все бани'!$1:$5,5,FALSE) -> 95 | E3: =HLOOKUP(A3,'2025 все бани'!$1:$5,4,FALSE) -> 65 | F3: =HLOOKUP(A3,'2025 все бани'!$1:$5,3,FALSE) -> 48 | G3: =HLOOKUP(A3,'2025 все бани'!$1:$5,2,FALSE) -> 33 | H3: 10 | I3: 0 | J3: 0 | K3: 8.5 | L3: 0 | M3: 10 | N3: 0 | O3: =6/8 -> 0.75 | P3: 0 | Q3: 0 | R3: 0 | S3: 0 | T3: 10 | U3: =11/6 -> 1.8333333 | V3: 7 | W3: 0.5 | X3: =22/3 -> 7.3333333 | Y3: 0 | Z3: 5 | AA3: =22/3 -> 7.3333333 | AB3: 0 | AC3: 0 | AD3: 0.5 | AE3: 8.5 | AF3: 2.2 | AG3: 10 | AH3: 10 | AI3: 10 | AJ3: 0 | AK3: 0 | AL3: 0 | AM3: 0 | AN3: 10 | AO3: 0 | AP3: 10 | AQ3: 2 | AR3: =11/5 -> 2.2 | AS3: 0 | AT3: 0 | AU3: 0 | AV3: 0.3 | AW3: =1/4 -> 0.25 | AX3: 0 | AY3: 0 | AZ3: 0 | BA3: 0 | BB3: 0.75 | BC3: =17/4 -> 4.25 | BD3: =25/4 -> 6.25 | BE3: 2.5 | BF3: 5 | BG3: 6 | BH3: =25/4 -> 6.25
A4: Диман | B4: =SUM(C4:BH4) -> 488.00758 | C4: =VLOOKUP(A4,'2025 недельный зачет'!$A:$B,2,FALSE) -> 108 | D4: =HLOOKUP(A4,'2025 все бани'!$1:$5,5,FALSE) -> 71 | E4: =HLOOKUP(A4,'2025 все бани'!$1:$5,4,FALSE) -> 21 | F4: =HLOOKUP(A4,'2025 все бани'!$1:$5,3,FALSE) -> 90 | G4: =HLOOKUP(A4,'2025 все бани'!$1:$5,2,FALSE) -> 62 | H4: 0 | I4: =1/6 -> 0.16666667 | J4: 6 | K4: 0 | L4: 2 | M4: 0.16666667 | N4: =6/10 -> 0.6 | O4: 0 | P4: 8.5 | Q4: 3 | R4: 0 | S4: =18/5 -> 3.6 | T4: 5 | U4: 8.5 | V4: 0 | W4: 0.5 | X4: 0 | Y4: 1 | Z4: 0 | AA4: 0 | AB4: 0 | AC4: 0 | AD4: =25/4 -> 6.25 | AE4: 0 | AF4: 2.2 | AG4: 0 | AH4: 4 | AI4: =18/6 -> 3 | AJ4: =11/4 -> 2.75 | AK4: =1/11 -> 0.090909091 | AL4: 0 | AM4: 10 | AN4: =11/4 -> 2.75 | AO4: =6/5 -> 1.2 | AP4: 2 | AQ4: =1/6 -> 0.16666667 | AR4: =11/5 -> 2.2 | AS4: 0.5 | AT4: =25/4 -> 6.25 | AU4: 8.5 | AV4: 7 | AW4: 2.5 | AX4: =22/3 -> 7.3333333 | AY4: =11/5 -> 2.2 | AZ4: 7 | BA4: =22/3 -> 7.3333333 | BB4: 5 | BC4: =17/4 -> 4.25 | BD4: 0 | BE4: 2.5 | BF4: 0 | BG4: 0 | BH4: 0
A5: Хвост | B5: =SUM(C5:BH5) -> 414.78301 | C5: =VLOOKUP(A5,'2025 недельный зачет'!$A:$B,2,FALSE) -> 104 | D5: =HLOOKUP(A5,'2025 все бани'!$1:$5,5,FALSE) -> 74 | E5: =HLOOKUP(A5,'2025 все бани'!$1:$5,4,FALSE) -> 34 | F5: =HLOOKUP(A5,'2025 все бани'!$1:$5,3,FALSE) -> 71 | G5: =HLOOKUP(A5,'2025 все бани'!$1:$5,2,FALSE) -> 37 | H5: 0.125 | I5: 3 | J5: 10 | K5: =3/5 -> 0.6 | L5: 5 | M5: 2.5 | N5: 0 | O5: 0 | P5: =1/7 -> 0.14285714 | Q5: 1.6666667 | R5: 0 | S5: 0 | T5: 1.5 | U5: 8.5 | V5: 1.2222222 | W5: 10 | X5: =1/9 -> 0.11111111 | Y5: 1 | Z5: 1 | AA5: 2 | AB5: 0 | AC5: 0 | AD5: 0.5 | AE5: 0 | AF5: 2.2 | AG5: 0 | AH5: 0 | AI5: 0 | AJ5: =11/4 -> 2.75 | AK5: =1/11 -> 0.090909091 | AL5: 8.5 | AM5: =1/3 -> 0.33333333 | AN5: 0 | AO5: =6/5 -> 1.2 | AP5: 0 | AQ5: 0 | AR5: 0 | AS5: 0.5 | AT5: 2 | AU5: 2 | AV5: 4 | AW5: 2.5 | AX5: 1.5 | AY5: 0 | AZ5: 0.090909091 | BA5: 0 | BB5: 5 | BC5: 0 | BD5: 0 | BE5: 6 | BF5: 0 | BG5: 1 | BH5: =25/4 -> 6.25
A6: Леха | B6: =SUM(C6:BH6) -> 391.70599 | C6: =VLOOKUP(A6,'2025 недельный зачет'!$A:$B,2,FALSE) -> 99 | D6: =HLOOKUP(A6,'2025 все бани'!$1:$5,5,FALSE) -> 55 | E6: =HLOOKUP(A6,'2025 все бани'!$1:$5,4,FALSE) -> 33 | F6: =HLOOKUP(A6,'2025 все бани'!$1:$5,3,FALSE) -> 37 | G6: =HLOOKUP(A6,'2025 все бани'!$1:$5,2,FALSE) -> 39 | H6: 6 | I6: =1/6 -> 0.16666667 | J6: 1.5 | K6: 8.5 | L6: 0 | M6: 0 | N6: =6/10 -> 0.6 | O6: =6/8 -> 0.75 | P6: =1/7 -> 0.14285714 | Q6: 10 | R6: 0 | S6: =18/5 -> 3.6 | T6: 5 | U6: =11/6 -> 1.8333333 | V6: 1.2222222 | W6: 0.5 | X6: 0 | Y6: 1 | Z6: 0 | AA6: =22/3 -> 7.3333333 | AB6: 0 | AC6: 0 | AD6: 0 | AE6: 0 | AF6: 0 | AG6: 0 | AH6: 0.5 | AI6: =18/6 -> 3 | AJ6: 0 | AK6: 7 | AL6: 0.75 | AM6: 5 | AN6: 0 | AO6: =22/3 -> 7.3333333 | AP6: 6 | AQ6: 10 | AR6: 0 | AS6: 7 | AT6: =25/4 -> 6.25 | AU6: 5 | AV6: 0.3 | AW6: 0 | AX6: 1.5 | AY6: 0 | AZ6: 3.3333333 | BA6: 0 | BB6: 0.75 | BC6: =17/4 -> 4.25 | BD6: =25/4 -> 6.25 | BE6: =1/11 -> 0.090909091 | BF6: 0 | BG6: 0 | BH6: =25/4 -> 6.25
A7: Фил | B7: =SUM(C7:BH7) -> 369.52778 | C7: =VLOOKUP(A7,'2025 недельный зачет'!$A:$B,2,FALSE) -> 86 | D7: =HLOOKUP(A7,'2025 все бани'!$1:$5,5,FALSE) -> 66 | E7: =HLOOKUP(A7,'2025 все бани'!$1:$5,4,FALSE) -> 37 | F7: =HLOOKUP(A7,'2025 все бани'!$1:$5,3,FALSE) -> 55 | G7: =HLOOKUP(A7,'2025 все бани'!$1:$5,2,FALSE) -> 56 | H7: 0.125 | I7: =1/6 -> 0.16666667 | J7: 1.5 | K7: =3/5 -> 0.6 | L7: 10 | M7: 5 | N7: =6/10 -> 0.6 | O7: =6/8 -> 0.75 | P7: 0 | Q7: 6 | R7: =11/4 -> 2.75 | S7: 0 | T7: 0 | U7: =11/6 -> 1.8333333 | V7: 0 | W7: 5 | X7: =1/9 -> 0.11111111 | Y7: 0 | Z7: 1 | AA7: 0 | AB7: 0 | AC7: 0 | AD7: 0.5 | AE7: =11/4 -> 2.75 | AF7: 8.5 | AG7: 2 | AH7: 4 | AI7: =18/6 -> 3 | AJ7: 0 | AK7: 0 | AL7: 0.75 | AM7: 0 | AN7: 0 | AO7: 0 | AP7: 0 | AQ7: 0 | AR7: 8.5 | AS7: 0 | AT7: =1/6 -> 0.16666667 | AU7: 0 | AV7: 0.3 | AW7: =1/4 -> 0.25 | AX7: 0 | AY7: 0 | AZ7: 0 | BA7: 0 | BB7: 0 | BC7: 0 | BD7: 0 | BE7: 0 | BF7: 0 | BG7: 3 | BH7: =3/8 -> 0.375
A8: Витёк | B8: =SUM(C8:BH8) -> 347.29571 | C8: =VLOOKUP(A8,'2025 недельный зачет'!$A:$B,2,FALSE) -> 79 | D8: =HLOOKUP(A8,'2025 все бани'!$1:$5,5,FALSE) -> 61 | E8: =HLOOKUP(A8,'2025 все бани'!$1:$5,4,FALSE) -> 29 | F8: =HLOOKUP(A8,'2025 все бани'!$1:$5,3,FALSE) -> 53 | G8: =HLOOKUP(A8,'2025 все бани'!$1:$5,2,FALSE) -> 58 | H8: 6 | I8: 0 | J8: 0 | K8: 0 | L8: 0 | M8: 0.16666667 | N8: =6/10 -> 0.6 | O8: =6/8 -> 0.75 | P8: =10/3 -> 3.3333333 | Q8: 1.6666667 | R8: 0 | S8: 0 | T8: 0 | U8: 0 | V8: 1.2222222 | W8: 0 | X8: 0 | Y8: 0 | Z8: 1 | AA8: 2 | AB8: 4 | AC8: 0 | AD8: 0 | AE8: =11/4 -> 2.75 | AF8: 8.5 | AG8: 0 | AH8: 0 | AI8: 0 | AJ8: =11/4 -> 2.75 | AK8: =10/3 -> 3.3333333 | AL8: 0.75 | AM8: =1/3 -> 0.33333333 | AN8: 0 | AO8: 0 | AP8: 6 | AQ8: 4 | AR8: =11/5 -> 2.2 | AS8: 0.5 | AT8: =25/4 -> 6.25 | AU8: 0 | AV8: 0.3 | AW8: =1/4 -> 0.25 | AX8: 0 | AY8: 0 | AZ8: 0.090909091 | BA8: =22/3 -> 7.3333333 | BB8: 0.75 | BC8: 0 | BD8: 0 | BE8: =1/11 -> 0.090909091 | BF8: 0 | BG8: 0 | BH8: =3/8 -> 0.375
A9: Денис | B9: =SUM(C9:BH9) -> 297.67071 | C9: =VLOOKUP(A9,'2025 недельный зачет'!$A:$B,2,FALSE) -> 102 | D9: =HLOOKUP(A9,'2025 все бани'!$1:$5,5,FALSE) -> 36 | E9: =HLOOKUP(A9,'2025 все бани'!$1:$5,4,FALSE) -> 23 | F9: =HLOOKUP(A9,'2025 все бани'!$1:$5,3,FALSE) -> 24 | G9: =HLOOKUP(A9,'2025 все бани'!$1:$5,2,FALSE) -> 13 | H9: 0.125 | I9: 6 | J9: 6 | K9: =3/5 -> 0.6 | L9: 7 | M9: 0.16666667 | N9: 0 | O9: 0 | P9: 0 | Q9: 6 | R9: =11/4 -> 2.75 | S9: 0 | T9: 0 | U9: 0 | V9: 1.2222222 | W9: 0 | X9: 2.5 | Y9: 1 | Z9: 3 | AA9: 0 | AB9: 0 | AC9: 0 | AD9: 0 | AE9: 0 | AF9: 0 | AG9: 0 | AH9: 0 | AI9: =18/6 -> 3 | AJ9: 0 | AK9: =1/11 -> 0.090909091 | AL9: 0.75 | AM9: 0 | AN9: 0 | AO9: 0 | AP9: 0 | AQ9: 7 | AR9: 0 | AS9: 0 | AT9: 0 | AU9: 0 | AV9: 0 | AW9: 0 | AX9: 1.5 | AY9: 8.5 | AZ9: 0.090909091 | BA9: 1.5 | BB9: 5 | BC9: =17/4 -> 4.25 | BD9: =25/4 -> 6.25 | BE9: 10 | BF9: 5 | BG9: 10 | BH9: =3/8 -> 0.375
A10: Арс | B10: =SUM(C10:BH10) -> 267.54058 | C10: =VLOOKUP(A10,'2025 недельный зачет'!$A:$B,2,FALSE) -> 71 | D10: =HLOOKUP(A10,'2025 все бани'!$1:$5,5,FALSE) -> 34 | E10: =HLOOKUP(A10,'2025 все бани'!$1:$5,4,FALSE) -> 6 | F10: =HLOOKUP(A10,'2025 все бани'!$1:$5,3,FALSE) -> 59 | G10: =HLOOKUP(A10,'2025 все бани'!$1:$5,2,FALSE) -> 39 | H10: 0.125 | I10: =1/6 -> 0.16666667 | J10: 0 | K10: 0 | L10: 0 | M10: 2.5 | N10: =6/10 -> 0.6 | O10: 6 | P10: =1/7 -> 0.14285714 | Q10: 1.6666667 | R10: 8.5 | S10: 0 | T10: 0 | U10: =11/6 -> 1.8333333 | V10: 1.2222222 | W10: 5 | X10: =1/9 -> 0.11111111 | Y10: 0 | Z10: 0 | AA10: 0 | AB10: 1.5 | AC10: 0 | AD10: 0.5 | AE10: 0 | AF10: 2.2 | AG10: 0 | AH10: 0.5 | AI10: 0 | AJ10: 8.5 | AK10: =1/11 -> 0.090909091 | AL10: 0 | AM10: =1/3 -> 0.33333333 | AN10: 0 | AO10: 0 | AP10: 2 | AQ10: 0 | AR10: =11/5 -> 2.2 | AS10: 0.5 | AT10: =1/6 -> 0.16666667 | AU10: 2 | AV10: 4 | AW10: 6 | AX10: 0 | AY10: 0 | AZ10: 0.090909091 | BA10: 0 | BB10: 0 | BC10: 0 | BD10: 0 | BE10: =1/11 -> 0.090909091 | BF10: 0 | BG10: 0 | BH10: 0
A11: Женёк В | B11: =SUM(C11:BH11) -> 266.9548 | C11: =VLOOKUP(A11,'2025 недельный зачет'!$A:$B,2,FALSE) -> 71 | D11: =HLOOKUP(A11,'2025 все бани'!$1:$5,5,FALSE) -> 47 | E11: =HLOOKUP(A11,'2025 все бани'!$1:$5,4,FALSE) -> 23 | F11: =HLOOKUP(A11,'2025 все бани'!$1:$5,3,FALSE) -> 23 | G11: =HLOOKUP(A11,'2025 все бани'!$1:$5,2,FALSE) -> 20 | H11: 0.125 | I11: 6 | J11: 0 | K11: 0 | L11: 0 | M11: 0.16666667 | N11: =6/10 -> 0.6 | O11: 0 | P11: =10/3 -> 3.3333333 | Q11: 0 | R11: 0 | S11: 0 | T11: 0 | U11: 0 | V11: 1.2222222 | W11: 0 | X11: 0 | Y11: 1 | Z11: 8.5 | AA11: =22/3 -> 7.3333333 | AB11: 8.5 | AC11: 7 | AD11: =25/4 -> 6.25 | AE11: =11/4 -> 2.75 | AF11: 0 | AG11: 0 | AH11: 0 | AI11: 0 | AJ11: 0 | AK11: 0 | AL11: 0 | AM11: 0 | AN11: 0 | AO11: =22/3 -> 7.3333333 | AP11: 0 | AQ11: 0 | AR11: 0 | AS11: 0.5 | AT11: 0 | AU11: 0 | AV11: 0 | AW11: 0 | AX11: 0 | AY11: 8.5 | AZ11: 0 | BA11: 0 | BB11: 0 | BC11: 0 | BD11: 1.5 | BE11: =1/11 -> 0.090909091 | BF11: 0 | BG11: 6 | BH11: =25/4 -> 6.25
A12: Ахмед | B12: =SUM(C12:BH12) -> 231.65328 | C12: =VLOOKUP(A12,'2025 недельный зачет'!$A:$B,2,FALSE) -> 64 | D12: =HLOOKUP(A12,'2025 все бани'!$1:$5,5,FALSE) -> 24 | E12: =HLOOKUP(A12,'2025 все бани'!$1:$5,4,FALSE) -> 11 | F12: =HLOOKUP(A12,'2025 все бани'!$1:$5,3,FALSE) -> 55 | G12: =HLOOKUP(A12,'2025 все бани'!$1:$5,2,FALSE) -> 23 | H12: 0 | I12: =1/6 -> 0.16666667 | J12: 0 | K12: 0 | L12: 0 | M12: 0.16666667 | N12: 6 | O12: =6/8 -> 0.75 | P12: 0 | Q12: 0 | R12: =11/4 -> 2.75 | S12: 0 | T12: 0 | U12: 0 | V12: 1.2222222 | W12: 0.5 | X12: =22/3 -> 7.3333333 | Y12: 1 | Z12: 0 | AA12: 2 | AB12: 0 | AC12: =11/4 -> 2.75 | AD12: =25/4 -> 6.25 | AE12: 0 | AF12: 2.2 | AG12: 6 | AH12: 0.5 | AI12: 0 | AJ12: 0 | AK12: =1/11 -> 0.090909091 | AL12: 0.75 | AM12: 0 | AN12: 0 | AO12: =6/5 -> 1.2 | AP12: 0 | AQ12: 0 | AR12: 0 | AS12: 4 | AT12: =1/6 -> 0.16666667 | AU12: 0 | AV12: 0.3 | AW12: 0 | AX12: 0 | AY12: 0 | AZ12: 0.090909091 | BA12: 1.5 | BB12: 0 | BC12: 0 | BD12: 1.5 | BE12: =1/11 -> 0.090909091 | BF12: 5 | BG12: 0 | BH12: =3/8 -> 0.375
A13: Данюс | B13: =SUM(C13:BH13) -> 213.52543 | C13: =VLOOKUP(A13,'2025 недельный зачет'!$A:$B,2,FALSE) -> 63 | D13: =HLOOKUP(A13,'2025 все бани'!$1:$5,5,FALSE) -> 31 | E13: =HLOOKUP(A13,'2025 все бани'!$1:$5,4,FALSE) -> 20 | F13: =HLOOKUP(A13,'2025 все бани'!$1:$5,3,FALSE) -> 41 | G13: =HLOOKUP(A13,'2025 все бани'!$1:$5,2,FALSE) -> 4 | H13: 0 | I13: 10 | J13: 0 | K13: 0 | L13: 2 | M13: 0 | N13: 0 | O13: =6/8 -> 0.75 | P13: =1/7 -> 0.14285714 | Q13: 1.6666667 | R13: 0 | S13: =18/5 -> 3.6 | T13: 1.5 | U13: 0 | V13: 0 | W13: 0 | X13: 0 | Y13: 1 | Z13: 0 | AA13: 0 | AB13: 0 | AC13: =11/4 -> 2.75 | AD13: 0 | AE13: 0 | AF13: 0 | AG13: 0 | AH13: 0 | AI13: 0 | AJ13: 0 | AK13: =10/3 -> 3.3333333 | AL13: 0.75 | AM13: 5 | AN13: 0 | AO13: =6/5 -> 1.2 | AP13: 0 | AQ13: =1/6 -> 0.16666667 | AR13: 0 | AS13: 0 | AT13: =1/6 -> 0.16666667 | AU13: 0 | AV13: 0 | AW13: 10 | AX13: =22/3 -> 7.3333333 | AY13: =11/5 -> 2.2 | AZ13: 0.090909091 | BA13: 0 | BB13: 0 | BC13: 0.5 | BD13: 0 | BE13: 0 | BF13: 0 | BG13: 0 | BH13: =3/8 -> 0.375
A14: Махмуд | B14: =SUM(C14:BH14) -> 199.74892 | C14: =VLOOKUP(A14,'2025 недельный зачет'!$A:$B,2,FALSE) -> 54 | D14: =HLOOKUP(A14,'2025 все бани'!$1:$5,5,FALSE) -> 30 | E14: =HLOOKUP(A14,'2025 все бани'!$1:$5,4,FALSE) -> 8 | F14: =HLOOKUP(A14,'2025 все бани'!$1:$5,3,FALSE) -> 35 | G14: =HLOOKUP(A14,'2025 все бани'!$1:$5,2,FALSE) -> 38 | H14: 0.125 | I14: 0 | J14: 0 | K14: 0 | L14: 0 | M14: 0 | N14: 0 | O14: 0 | P14: =1/7 -> 0.14285714 | Q14: 0 | R14: 0 | S14: 0 | T14: 0 | U14: 0 | V14: 0 | W14: 0.5 | X14: 0 | Y14: 0 | Z14: 0 | AA14: 0 | AB14: 8.5 | AC14: =11/4 -> 2.75 | AD14: 0.5 | AE14: =11/4 -> 2.75 | AF14: 0 | AG14: 6 | AH14: 0.5 | AI14: 0 | AJ14: 0 | AK14: =1/11 -> 0.090909091 | AL14: 0 | AM14: 2 | AN14: 7 | AO14: 0 | AP14: 2 | AQ14: =1/6 -> 0.16666667 | AR14: 0 | AS14: 0 | AT14: =1/6 -> 0.16666667 | AU14: 0 | AV14: 0 | AW14: 0 | AX14: 0 | AY14: 0 | AZ14: 0.090909091 | BA14: 0 | BB14: 0 | BC14: 0 | BD14: 0 | BE14: =1/11 -> 0.090909091 | BF14: 0 | BG14: 1 | BH14: =3/8 -> 0.375
A15: Даня | B15: =SUM(C15:BH15) -> 162.67551 | C15: =VLOOKUP(A15,'2025 недельный зачет'!$A:$B,2,FALSE) -> 65 | D15: =HLOOKUP(A15,'2025 все бани'!$1:$5,5,FALSE) -> 15 | E15: =HLOOKUP(A15,'2025 все бани'!$1:$5,4,FALSE) -> 4 | F15: =HLOOKUP(A15,'2025 все бани'!$1:$5,3,FALSE) -> 14 | G15: =HLOOKUP(A15,'2025 все бани'!$1:$5,2,FALSE) -> 23 | H15: 0 | I15: 0 | J15: 0 | K15: 0 | L15: 0 | M15: 0 | N15: 6 | O15: =6/8 -> 0.75 | P15: =10/3 -> 3.3333333 | Q15: 0 | R15: =11/4 -> 2.75 | S15: =18/5 -> 3.6 | T15: 0 | U15: 0 | V15: 0 | W15: 0 | X15: =1/9 -> 0.11111111 | Y15: 1 | Z15: 0 | AA15: 0 | AB15: 0 | AC15: 0 | AD15: =25/4 -> 6.25 | AE15: 0 | AF15: 0 | AG15: 0 | AH15: 0.5 | AI15: 0 | AJ15: 0 | AK15: =1/11 -> 0.090909091 | AL15: 0 | AM15: 0 | AN15: =11/4 -> 2.75 | AO15: =6/5 -> 1.2 | AP15: 0 | AQ15: =1/6 -> 0.16666667 | AR15: =11/5 -> 2.2 | AS15: 0.5 | AT15: =1/6 -> 0.16666667 | AU15: 2 | AV15: 0.3 | AW15: 0 | AX15: 1.5 | AY15: =11/5 -> 2.2 | AZ15: 0.090909091 | BA15: 1.5 | BB15: 0.75 | BC15: 0 | BD15: 0 | BE15: =1/11 -> 0.090909091 | BF15: 1.5 | BG15: 0 | BH15: =3/8 -> 0.375
A16: Король | B16: =SUM(C16:BH16) -> 153.24924 | C16: =VLOOKUP(A16,'2025 недельный зачет'!$A:$B,2,FALSE) -> 48 | D16: =HLOOKUP(A16,'2025 все бани'!$1:$5,5,FALSE) -> 23 | E16: =HLOOKUP(A16,'2025 все бани'!$1:$5,4,FALSE) -> 10 | F16: =HLOOKUP(A16,'2025 все бани'!$1:$5,3,FALSE) -> 27 | G16: =HLOOKUP(A16,'2025 все бани'!$1:$5,2,FALSE) -> 15 | H16: 0 | I16: 2 | J16: 0 | K16: =3/5 -> 0.6 | L16: 0 | M16: 0 | N16: =6/10 -> 0.6 | O16: =6/8 -> 0.75 | P16: 0 | Q16: 0 | R16: 0 | S16: 0 | T16: 0 | U16: 0 | V16: 0 | W16: 0 | X16: 2.5 | Y16: 0 | Z16: 0 | AA16: 0 | AB16: 0 | AC16: =11/4 -> 2.75 | AD16: 0 | AE16: 0 | AF16: 0 | AG16: 0 | AH16: 0.5 | AI16: =18/6 -> 3 | AJ16: 0 | AK16: =10/3 -> 3.3333333 | AL16: 0.75 | AM16: 0 | AN16: =11/4 -> 2.75 | AO16: 0 | AP16: 0 | AQ16: 0 | AR16: 0 | AS16: 4 | AT16: 0 | AU16: 0 | AV16: 0.3 | AW16: =1/4 -> 0.25 | AX16: 0 | AY16: =11/5 -> 2.2 | AZ16: 0.090909091 | BA16: 1.5 | BB16: 0 | BC16: 0.5 | BD16: 0 | BE16: 0 | BF16: 1.5 | BG16: 0 | BH16: =3/8 -> 0.375
A17: Alex B | B17: =SUM(C17:BH17) -> 120.57543 | C17: =VLOOKUP(A17,'2025 недельный зачет'!$A:$B,2,FALSE) -> 35 | D17: =HLOOKUP(A17,'2025 все бани'!$1:$5,5,FALSE) -> 18 | E17: =HLOOKUP(A17,'2025 все бани'!$1:$5,4,FALSE) -> 9 | F17: =HLOOKUP(A17,'2025 все бани'!$1:$5,3,FALSE) -> 22 | G17: =HLOOKUP(A17,'2025 все бани'!$1:$5,2,FALSE) -> 12 | H17: 0.125 | I17: 0 | J17: 0 | K17: 3 | L17: 2 | M17: 0 | N17: 0 | O17: 6 | P17: =1/7 -> 0.14285714 | Q17: 0 | R17: 0 | S17: 0 | T17: 0 | U17: =11/6 -> 1.8333333 | V17: 0 | W17: 0 | X17: 0 | Y17: 7 | Z17: 0 | AA17: 0 | AB17: 0 | AC17: 0 | AD17: 0 | AE17: 0 | AF17: 0 | AG17: 0 | AH17: 0 | AI17: 0 | AJ17: 0 | AK17: 0 | AL17: 0.75 | AM17: 0 | AN17: 0 | AO17: 0 | AP17: 0 | AQ17: 0 | AR17: 0 | AS17: 0 | AT17: 0 | AU17: 0 | AV17: 0.3 | AW17: 0 | AX17: 0 | AY17: 0 | AZ17: 3.3333333 | BA17: 0 | BB17: 0 | BC17: 0 | BD17: 0 | BE17: =1/11 -> 0.090909091 | BF17: 0 | BG17: 0 | BH17: 0
A18: Чен | B18: =SUM(C18:BH18) -> 64.00404 | C18: =VLOOKUP(A18,'2025 недельный зачет'!$A:$B,2,FALSE) -> 19 | D18: =HLOOKUP(A18,'2025 все бани'!$1:$5,5,FALSE) -> 10 | E18: =HLOOKUP(A18,'2025 все бани'!$1:$5,4,FALSE) -> 4 | F18: =HLOOKUP(A18,'2025 все бани'!$1:$5,3,FALSE) -> 13 | G18: =HLOOKUP(A18,'2025 все бани'!$1:$5,2,FALSE) -> 9 | H18: 0 | I18: 0 | J18: 0 | K18: 0 | L18: 0 | M18: 0 | N18: =6/10 -> 0.6 | O18: 0 | P18: 0 | Q18: 0 | R18: 0 | S18: 0 | T18: 0 | U18: 0 | V18: 1.2222222 | W18: 0 | X18: 0 | Y18: 0 | Z18: 0 | AA18: 0 | AB18: 0 | AC18: 0 | AD18: 0 | AE18: 0 | AF18: 0 | AG18: 2 | AH18: 0 | AI18: 0 | AJ18: 0 | AK18: 0 | AL18: 5 | AM18: 0 | AN18: 0 | AO18: 0 | AP18: 0 | AQ18: 0 | AR18: 0 | AS18: 0 | AT18: 0 | AU18: 0 | AV18: 0 | AW18: 0 | AX18: 0 | AY18: 0 | AZ18: 0.090909091 | BA18: 0 | BB18: 0 | BC18: 0 | BD18: 0 | BE18: =1/11 -> 0.090909091 | BF18: 0 | BG18: 0 | BH18: 0
A19: Женёк З | B19: =SUM(C19:BH19) -> 62.090909 | C19: =VLOOKUP(A19,'2025 недельный зачет'!$A:$B,2,FALSE) -> 13 | D19: =HLOOKUP(A19,'2025 все бани'!$1:$5,5,FALSE) -> 12 | E19: =HLOOKUP(A19,'2025 все бани'!$1:$5,4,FALSE) -> 4 | F19: =HLOOKUP(A19,'2025 все бани'!$1:$5,3,FALSE) -> 10 | G19: =HLOOKUP(A19,'2025 все бани'!$1:$5,2,FALSE) -> 13 | H19: 0 | I19: 0 | J19: 0 | K19: 0 | L19: 0 | M19: 0 | N19: 0 | O19: 0 | P19: 0 | Q19: 0 | R19: 0 | S19: 0 | T19: 0 | U19: 0 | V19: 0 | W19: 0 | X19: 0 | Y19: 0 | Z19: 0 | AA19: 0 | AB19: 1.5 | AC19: 0 | AD19: 0 | AE19: 8.5 | AF19: 0 | AG19: 0 | AH19: 0 | AI19: 0 | AJ19: 0 | AK19: 0 | AL19: 0 | AM19: 0 | AN19: 0 | AO19: 0 | AP19: 0 | AQ19: 0 | AR19: 0 | AS19: 0 | AT19: 0 | AU19: 0 | AV19: 0 | AW19: 0 | AX19: 0 | AY19: 0 | AZ19: 0 | BA19: 0 | BB19: 0 | BC19: 0 | BD19: 0 | BE19: =1/11 -> 0.090909091 | BF19: 0 | BG19: 0 | BH19: 0
A20: Миша П | B20: =SUM(C20:BH20) -> 41 | C20: =VLOOKUP(A20,'2025 недельный зачет'!$A:$B,2,FALSE) -> 14 | D20: =HLOOKUP(A20,'2025 все бани'!$1:$5,5,FALSE) -> 9 | E20: =HLOOKUP(A20,'2025 все бани'!$1:$5,4,FALSE) -> 1 | F20: =HLOOKUP(A20,'2025 все бани'!$1:$5,3,FALSE) -> 9 | G20: =HLOOKUP(A20,'2025 все бани'!$1:$5,2,FALSE) -> 8 | H20: 0 | I20: 0 | J20: 0 | K20: 0 | L20: 0 | M20: 0 | N20: 0 | O20: 0 | P20: 0 | Q20: 0 | R20: 0 | S20: 0 | T20: 0 | U20: 0 | V20: 0 | W20: 0 | X20: 0 | Y20: 0 | Z20: 0 | AA20: 0 | AB20: 0 | AC20: 0 | AD20: 0 | AE20: 0 | AF20: 0 | AG20: 0 | AH20: 0 | AI20: 0 | AJ20: 0 | AK20: 0 | AL20: 0 | AM20: 0 | AN20: 0 | AO20: 0 | AP20: 0 | AQ20: 0 | AR20: 0 | AS20: 0 | AT20: 0 | AU20: 0 | AV20: 0 | AW20: 0 | AX20: 0 | AY20: 0 | AZ20: 0 | BA20: 0 | BB20: 0 | BC20: 0 | BD20: 0 | BE20: 0 | BF20: 0 | BG20: 0 | BH20: 0
A21: Леха С | B21: =SUM(C21:BH21) -> 40.059524 | C21: =VLOOKUP(A21,'2025 недельный зачет'!$A:$B,2,FALSE) -> 10 | D21: =HLOOKUP(A21,'2025 все бани'!$1:$5,5,FALSE) -> 10 | E21: =HLOOKUP(A21,'2025 все бани'!$1:$5,4,FALSE) -> 2 | F21: =HLOOKUP(A21,'2025 все бани'!$1:$5,3,FALSE) -> 8 | G21: =HLOOKUP(A21,'2025 все бани'!$1:$5,2,FALSE) -> 7 | H21: 0 | I21: 0 | J21: 0 | K21: 0 | L21: 0 | M21: 0.16666667 | N21: 0 | O21: 0 | P21: =1/7 -> 0.14285714 | Q21: 0 | R21: 0 | S21: 0 | T21: 0 | U21: 0 | V21: 0 | W21: 0 | X21: 0 | Y21: 0 | Z21: 0 | AA21: 0 | AB21: 0 | AC21: 0 | AD21: 0 | AE21: 0 | AF21: 0 | AG21: 0 | AH21: 0 | AI21: 0 | AJ21: =11/4 -> 2.75 | AK21: 0 | AL21: 0 | AM21: 0 | AN21: 0 | AO21: 0 | AP21: 0 | AQ21: 0 | AR21: 0 | AS21: 0 | AT21: 0 | AU21: 0 | AV21: 0 | AW21: 0 | AX21: 0 | AY21: 0 | AZ21: 0 | BA21: 0 | BB21: 0 | BC21: 0 | BD21: 0 | BE21: 0 | BF21: 0 | BG21: 0 | BH21: 0
A22: Симба | B22: =SUM(C22:BH22) -> 39.9 | C22: =VLOOKUP(A22,'2025 недельный зачет'!$A:$B,2,FALSE) -> 10 | D22: =HLOOKUP(A22,'2025 все бани'!$1:$5,5,FALSE) -> 7 | E22: =HLOOKUP(A22,'2025 все бани'!$1:$5,4,FALSE) -> 3 | F22: =HLOOKUP(A22,'2025 все бани'!$1:$5,3,FALSE) -> 5 | G22: =HLOOKUP(A22,'2025 все бани'!$1:$5,2,FALSE) -> 10 | H22: 0 | I22: 0 | J22: 0 | K22: 0 | L22: 0 | M22: 0 | N22: 0 | O22: 0 | P22: 0 | Q22: 0 | R22: 0 | S22: =18/5 -> 3.6 | T22: 0 | U22: 0 | V22: 0 | W22: 0 | X22: 0 | Y22: 1 | Z22: 0 | AA22: 0 | AB22: 0 | AC22: 0 | AD22: 0 | AE22: 0 | AF22: 0 | AG22: 0 | AH22: 0 | AI22: 0 | AJ22: 0 | AK22: 0 | AL22: 0 | AM22: 0 | AN22: 0 | AO22: 0 | AP22: 0 | AQ22: 0 | AR22: 0 | AS22: 0 | AT22: 0 | AU22: 0 | AV22: 0.3 | AW22: 0 | AX22: 0 | AY22: 0 | AZ22: 0 | BA22: 0 | BB22: 0 | BC22: 0 | BD22: 0 | BE22: 0 | BF22: 0 | BG22: 0 | BH22: 0
A23: Жанат | B23: =SUM(C23:BH23) -> 39.368687 | C23: =VLOOKUP(A23,'2025 недельный зачет'!$A:$B,2,FALSE) -> 10 | D23: =HLOOKUP(A23,'2025 все бани'!$1:$5,5,FALSE) -> 6 | E23: =HLOOKUP(A23,'2025 все бани'!$1:$5,4,FALSE) -> 2 | F23: =HLOOKUP(A23,'2025 все бани'!$1:$5,3,FALSE) -> 7 | G23: =HLOOKUP(A23,'2025 все бани'!$1:$5,2,FALSE) -> 14 | H23: 0 | I23: 0 | J23: 0 | K23: 0 | L23: 0 | M23: 0 | N23: 0 | O23: 0 | P23: 0 | Q23: 0 | R23: 0 | S23: 0 | T23: 0 | U23: 0 | V23: 0 | W23: 0 | X23: =1/9 -> 0.11111111 | Y23: 0 | Z23: 0 | AA23: 0 | AB23: 0 | AC23: 0 | AD23: 0 | AE23: 0 | AF23: 0 | AG23: 0 | AH23: 0 | AI23: 0 | AJ23: 0 | AK23: =1/11 -> 0.090909091 | AL23: 0 | AM23: 0 | AN23: 0 | AO23: 0 | AP23: 0 | AQ23: =1/6 -> 0.16666667 | AR23: 0 | AS23: 0 | AT23: 0 | AU23: 0 | AV23: 0 | AW23: 0 | AX23: 0 | AY23: 0 | AZ23: 0 | BA23: 0 | BB23: 0 | BC23: 0 | BD23: 0 | BE23: 0 | BF23: 0 | BG23: 0 | BH23: 0
A24: Макс | B24: =SUM(C24:BH24) -> 31.80202 | C24: =VLOOKUP(A24,'2025 недельный зачет'!$A:$B,2,FALSE) -> 8 | D24: =HLOOKUP(A24,'2025 все бани'!$1:$5,5,FALSE) -> 6 | E24: =HLOOKUP(A24,'2025 все бани'!$1:$5,4,FALSE) -> 2 | F24: =HLOOKUP(A24,'2025 все бани'!$1:$5,3,FALSE) -> 7 | G24: =HLOOKUP(A24,'2025 все бани'!$1:$5,2,FALSE) -> 7 | H24: 0 | I24: 0 | J24: 0 | K24: 0 | L24: 0 | M24: 0 | N24: =6/10 -> 0.6 | O24: 0 | P24: 0 | Q24: 0 | R24: 0 | S24: 0 | T24: 0 | U24: 0 | V24: 0 | W24: 0 | X24: =1/9 -> 0.11111111 | Y24: 1 | Z24: 0 | AA24: 0 | AB24: 0 | AC24: 0 | AD24: 0 | AE24: 0 | AF24: 0 | AG24: 0 | AH24: 0 | AI24: 0 | AJ24: 0 | AK24: =1/11 -> 0.090909091 | AL24: 0 | AM24: 0 | AN24: 0 | AO24: 0 | AP24: 0 | AQ24: 0 | AR24: 0 | AS24: 0 | AT24: 0 | AU24: 0 | AV24: 0 | AW24: 0 | AX24: 0 | AY24: 0 | AZ24: 0 | BA24: 0 | BB24: 0 | BC24: 0 | BD24: 0 | BE24: 0 | BF24: 0 | BG24: 0 | BH24: 0
A25: Виталик | B25: =SUM(C25:BH25) -> 23.411111 | C25: =VLOOKUP(A25,'2025 недельный зачет'!$A:$B,2,FALSE) -> 6 | D25: =HLOOKUP(A25,'2025 все бани'!$1:$5,5,FALSE) -> 5 | E25: =HLOOKUP(A25,'2025 все бани'!$1:$5,4,FALSE) -> 1 | F25: =HLOOKUP(A25,'2025 все бани'!$1:$5,3,FALSE) -> 5 | G25: =HLOOKUP(A25,'2025 все бани'!$1:$5,2,FALSE) -> 6 | H25: 0 | I25: 0 | J25: 0 | K25: 0 | L25: 0 | M25: 0 | N25: 0 | O25: 0 | P25: 0 | Q25: 0 | R25: 0 | S25: 0 | T25: 0 | U25: 0 | V25: 0 | W25: 0 | X25: =1/9 -> 0.11111111 | Y25: 0 | Z25: 0 | AA25: 0 | AB25: 0 | AC25: 0 | AD25: 0 | AE25: 0 | AF25: 0 | AG25: 0 | AH25: 0 | AI25: 0 | AJ25: 0 | AK25: 0 | AL25: 0 | AM25: 0 | AN25: 0 | AO25: 0 | AP25: 0 | AQ25: 0 | AR25: 0 | AS25: 0 | AT25: 0 | AU25: 0 | AV25: 0.3 | AW25: 0 | AX25: 0 | AY25: 0 | AZ25: 0 | BA25: 0 | BB25: 0 | BC25: 0 | BD25: 0 | BE25: 0 | BF25: 0 | BG25: 0 | BH25: 0
A26: Дёс | B26: =SUM(C26:BH26) -> 23.090909 | C26: =VLOOKUP(A26,'2025 недельный зачет'!$A:$B,2,FALSE) -> 5 | D26: =HLOOKUP(A26,'2025 все бани'!$1:$5,5,FALSE) -> 5 | E26: =HLOOKUP(A26,'2025 все бани'!$1:$5,4,FALSE) -> 3 | F26: =HLOOKUP(A26,'2025 все бани'!$1:$5,3,FALSE) -> 3 | G26: =HLOOKUP(A26,'2025 все бани'!$1:$5,2,FALSE) -> 6 | H26: 0 | I26: 0 | J26: 0 | K26: 0 | L26: 0 | M26: 0 | N26: 0 | O26: 0 | P26: 0 | Q26: 0 | R26: 0 | S26: 0 | T26: 0 | U26: 0 | V26: 0 | W26: 0 | X26: 0 | Y26: 1 | Z26: 0 | AA26: 0 | AB26: 0 | AC26: 0 | AD26: 0 | AE26: 0 | AF26: 0 | AG26: 0 | AH26: 0 | AI26: 0 | AJ26: 0 | AK26: 0 | AL26: 0 | AM26: 0 | AN26: 0 | AO26: 0 | AP26: 0 | AQ26: 0 | AR26: 0 | AS26: 0 | AT26: 0 | AU26: 0 | AV26: 0 | AW26: 0 | AX26: 0 | AY26: 0 | AZ26: 0.090909091 | BA26: 0 | BB26: 0 | BC26: 0 | BD26: 0 | BE26: 0 | BF26: 0 | BG26: 0 | BH26: 0
A27: Костян | B27: =SUM(C27:BH27) -> 22.80202 | C27: =VLOOKUP(A27,'2025 недельный зачет'!$A:$B,2,FALSE) -> 5 | D27: =HLOOKUP(A27,'2025 все бани'!$1:$5,5,FALSE) -> 4 | E27: =HLOOKUP(A27,'2025 все бани'!$1:$5,4,FALSE) -> 1 | F27: =HLOOKUP(A27,'2025 все бани'!$1:$5,3,FALSE) -> 5 | G27: =HLOOKUP(A27,'2025 все бани'!$1:$5,2,FALSE) -> 7 | H27: 0 | I27: 0 | J27: 0 | K27: 0 | L27: 0 | M27: 0 | N27: =6/10 -> 0.6 | O27: 0 | P27: 0 | Q27: 0 | R27: 0 | S27: 0 | T27: 0 | U27: 0 | V27: 0 | W27: 0 | X27: =1/9 -> 0.11111111 | Y27: 0 | Z27: 0 | AA27: 0 | AB27: 0 | AC27: 0 | AD27: 0 | AE27: 0 | AF27: 0 | AG27: 0 | AH27: 0 | AI27: 0 | AJ27: 0 | AK27: =1/11 -> 0.090909091 | AL27: 0 | AM27: 0 | AN27: 0 | AO27: 0 | AP27: 0 | AQ27: 0 | AR27: 0 | AS27: 0 | AT27: 0 | AU27: 0 | AV27: 0 | AW27: 0 | AX27: 0 | AY27: 0 | AZ27: 0 | BA27: 0 | BB27: 0 | BC27: 0 | BD27: 0 | BE27: 0 | BF27: 0 | BG27: 0 | BH27: 0
A28: Саня С | B28: =SUM(C28:BH28) -> 18.20202 | C28: =VLOOKUP(A28,'2025 недельный зачет'!$A:$B,2,FALSE) -> 4 | D28: =HLOOKUP(A28,'2025 все бани'!$1:$5,5,FALSE) -> 3 | E28: =HLOOKUP(A28,'2025 все бани'!$1:$5,4,FALSE) -> 1 | F28: =HLOOKUP(A28,'2025 все бани'!$1:$5,3,FALSE) -> 4 | G28: =HLOOKUP(A28,'2025 все бани'!$1:$5,2,FALSE) -> 6 | H28: 0 | I28: 0 | J28: 0 | K28: 0 | L28: 0 | M28: 0 | N28: 0 | O28: 0 | P28: 0 | Q28: 0 | R28: 0 | S28: 0 | T28: 0 | U28: 0 | V28: 0 | W28: 0 | X28: =1/9 -> 0.11111111 | Y28: 0 | Z28: 0 | AA28: 0 | AB28: 0 | AC28: 0 | AD28: 0 | AE28: 0 | AF28: 0 | AG28: 0 | AH28: 0 | AI28: 0 | AJ28: 0 | AK28: =1/11 -> 0.090909091 | AL28: 0 | AM28: 0 | AN28: 0 | AO28: 0 | AP28: 0 | AQ28: 0 | AR28: 0 | AS28: 0 | AT28: 0 | AU28: 0 | AV28: 0 | AW28: 0 | AX28: 0 | AY28: 0 | AZ28: 0 | BA28: 0 | BB28: 0 | BC28: 0 | BD28: 0 | BE28: 0 | BF28: 0 | BG28: 0 | BH28: 0
A29: Толмач | B29: =SUM(C29:BH29) -> 17.024242 | C29: =VLOOKUP(A29,'2025 недельный зачет'!$A:$B,2,FALSE) -> 4 | D29: =HLOOKUP(A29,'2025 все бани'!$1:$5,5,FALSE) -> 4 | E29: =HLOOKUP(A29,'2025 все бани'!$1:$5,4,FALSE) -> 4 | F29: =HLOOKUP(A29,'2025 все бани'!$1:$5,3,FALSE) -> 1 | G29: =HLOOKUP(A29,'2025 все бани'!$1:$5,2,FALSE) -> 0 | H29: 0 | I29: 0 | J29: 0 | K29: =3/5 -> 0.6 | L29: 0 | M29: 0 | N29: 0 | O29: 0 | P29: 0 | Q29: 0 | R29: 0 | S29: 0 | T29: 0 | U29: 0 | V29: 0 | W29: 0 | X29: 0 | Y29: 0 | Z29: 0 | AA29: 0 | AB29: 0 | AC29: 0 | AD29: 0 | AE29: 0 | AF29: 0 | AG29: 0 | AH29: 0 | AI29: 0 | AJ29: 0 | AK29: 0 | AL29: 0 | AM29: 0 | AN29: 0 | AO29: 0 | AP29: 0 | AQ29: 0 | AR29: 0 | AS29: 0 | AT29: 0 | AU29: 0 | AV29: 0 | AW29: 0 | AX29: 0 | AY29: 0 | AZ29: 3.3333333 | BA29: 0 | BB29: 0 | BC29: 0 | BD29: 0 | BE29: =1/11 -> 0.090909091 | BF29: 0 | BG29: 0 | BH29: 0
A30: Вадик | B30: =SUM(C30:BH30) -> 17 | C30: =VLOOKUP(A30,'2025 недельный зачет'!$A:$B,2,FALSE) -> 4 | D30: =HLOOKUP(A30,'2025 все бани'!$1:$5,5,FALSE) -> 3 | E30: =HLOOKUP(A30,'2025 все бани'!$1:$5,4,FALSE) -> 0 | F30: =HLOOKUP(A30,'2025 все бани'!$1:$5,3,FALSE) -> 4 | G30: =HLOOKUP(A30,'2025 все бани'!$1:$5,2,FALSE) -> 6 | H30: 0 | I30: 0 | J30: 0 | K30: 0 | L30: 0 | M30: 0 | N30: 0 | O30: 0 | P30: 0 | Q30: 0 | R30: 0 | S30: 0 | T30: 0 | U30: 0 | V30: 0 | W30: 0 | X30: 0 | Y30: 0 | Z30: 0 | AA30: 0 | AB30: 0 | AC30: 0 | AD30: 0 | AE30: 0 | AF30: 0 | AG30: 0 | AH30: 0 | AI30: 0 | AJ30: 0 | AK30: 0 | AL30: 0 | AM30: 0 | AN30: 0 | AO30: 0 | AP30: 0 | AQ30: 0 | AR30: 0 | AS30: 0 | AT30: 0 | AU30: 0 | AV30: 0 | AW30: 0 | AX30: 0 | AY30: 0 | AZ30: 0 | BA30: 0 | BB30: 0 | BC30: 0 | BD30: 0 | BE30: 0 | BF30: 0 | BG30: 0 | BH30: 0
A31: Дор | B31: =SUM(C31:BH31) -> 14.5 | C31: =VLOOKUP(A31,'2025 недельный зачет'!$A:$B,2,FALSE) -> 3 | D31: =HLOOKUP(A31,'2025 все бани'!$1:$5,5,FALSE) -> 2 | E31: =HLOOKUP(A31,'2025 все бани'!$1:$5,4,FALSE) -> 1 | F31: =HLOOKUP(A31,'2025 все бани'!$1:$5,3,FALSE) -> 2 | G31: =HLOOKUP(A31,'2025 все бани'!$1:$5,2,FALSE) -> 6 | H31: 0 | I31: 0 | J31: 0 | K31: 0 | L31: 0 | M31: 0 | N31: 0 | O31: 0 | P31: 0 | Q31: 0 | R31: 0 | S31: 0 | T31: 0 | U31: 0 | V31: 0 | W31: 0.5 | X31: 0 | Y31: 0 | Z31: 0 | AA31: 0 | AB31: 0 | AC31: 0 | AD31: 0 | AE31: 0 | AF31: 0 | AG31: 0 | AH31: 0 | AI31: 0 | AJ31: 0 | AK31: 0 | AL31: 0 | AM31: 0 | AN31: 0 | AO31: 0 | AP31: 0 | AQ31: 0 | AR31: 0 | AS31: 0 | AT31: 0 | AU31: 0 | AV31: 0 | AW31: 0 | AX31: 0 | AY31: 0 | AZ31: 0 | BA31: 0 | BB31: 0 | BC31: 0 | BD31: 0 | BE31: 0 | BF31: 0 | BG31: 0 | BH31: 0
A32: Самат | B32: =SUM(C32:BH32) -> 14.166667 | C32: =VLOOKUP(A32,'2025 недельный зачет'!$A:$B,2,FALSE) -> 3 | D32: =HLOOKUP(A32,'2025 все бани'!$1:$5,5,FALSE) -> 3 | E32: =HLOOKUP(A32,'2025 все бани'!$1:$5,4,FALSE) -> 1 | F32: =HLOOKUP(A32,'2025 все бани'!$1:$5,3,FALSE) -> 3 | G32: =HLOOKUP(A32,'2025 все бани'!$1:$5,2,FALSE) -> 4 | H32: 0 | I32: 0 | J32: 0 | K32: 0 | L32: 0 | M32: 0 | N32: 0 | O32: 0 | P32: 0 | Q32: 0 | R32: 0 | S32: 0 | T32: 0 | U32: 0 | V32: 0 | W32: 0 | X32: 0 | Y32: 0 | Z32: 0 | AA32: 0 | AB32: 0 | AC32: 0 | AD32: 0 | AE32: 0 | AF32: 0 | AG32: 0 | AH32: 0 | AI32: 0 | AJ32: 0 | AK32: 0 | AL32: 0 | AM32: 0 | AN32: 0 | AO32: 0 | AP32: 0 | AQ32: =1/6 -> 0.16666667 | AR32: 0 | AS32: 0 | AT32: 0 | AU32: 0 | AV32: 0 | AW32: 0 | AX32: 0 | AY32: 0 | AZ32: 0 | BA32: 0 | BB32: 0 | BC32: 0 | BD32: 0 | BE32: 0 | BF32: 0 | BG32: 0 | BH32: 0
A33: Пашок | B33: =SUM(C33:BH33) -> 4.2222222 | C33: =VLOOKUP(A33,'2025 недельный зачет'!$A:$B,2,FALSE) -> 1 | D33: =HLOOKUP(A33,'2025 все бани'!$1:$5,5,FALSE) -> 1 | E33: =HLOOKUP(A33,'2025 все бани'!$1:$5,4,FALSE) -> 1 | F33: =HLOOKUP(A33,'2025 все бани'!$1:$5,3,FALSE) -> 0 | G33: =HLOOKUP(A33,'2025 все бани'!$1:$5,2,FALSE) -> 0 | H33: 0 | I33: 0 | J33: 0 | K33: 0 | L33: 0 | M33: 0 | N33: 0 | O33: 0 | P33: 0 | Q33: 0 | R33: 0 | S33: 0 | T33: 0 | U33: 0 | V33: 1.2222222 | W33: 0 | X33: 0 | Y33: 0 | Z33: 0 | AA33: 0 | AB33: 0 | AC33: 0 | AD33: 0 | AE33: 0 | AF33: 0 | AG33: 0 | AH33: 0 | AI33: 0 | AJ33: 0 | AK33: 0 | AL33: 0 | AM33: 0 | AN33: 0 | AO33: 0 | AP33: 0 | AQ33: 0 | AR33: 0 | AS33: 0 | AT33: 0 | AU33: 0 | AV33: 0 | AW33: 0 | AX33: 0 | AY33: 0 | AZ33: 0 | BA33: 0 | BB33: 0 | BC33: 0 | BD33: 0 | BE33: 0 | BF33: 0 | BG33: 0 | BH33: 0
A34: Серёга | B34: =SUM(C34:BH34) -> 2 | C34: =VLOOKUP(A34,'2025 недельный зачет'!$A:$B,2,FALSE) -> 1 | D34: =HLOOKUP(A34,'2025 все бани'!$1:$5,5,FALSE) -> 1 | E34: =HLOOKUP(A34,'2025 все бани'!$1:$5,4,FALSE) -> 0 | F34: =HLOOKUP(A34,'2025 все бани'!$1:$5,3,FALSE) -> 0 | G34: =HLOOKUP(A34,'2025 все бани'!$1:$5,2,FALSE) -> 0 | H34: 0 | I34: 0 | J34: 0 | K34: 0 | L34: 0 | M34: 0 | N34: 0 | O34: 0 | P34: 0 | Q34: 0 | R34: 0 | S34: 0 | T34: 0 | U34: 0 | V34: 0 | W34: 0 | X34: 0 | Y34: 0 | Z34: 0 | AA34: 0 | AB34: 0 | AC34: 0 | AD34: 0 | AE34: 0 | AF34: 0 | AG34: 0 | AH34: 0 | AI34: 0 | AJ34: 0 | AK34: 0 | AL34: 0 | AM34: 0 | AN34: 0 | AO34: 0 | AP34: 0 | AQ34: 0 | AR34: 0 | AS34: 0 | AT34: 0 | AU34: 0 | AV34: 0 | AW34: 0 | AX34: 0 | AY34: 0 | AZ34: 0 | BA34: 0 | BB34: 0 | BC34: 0 | BD34: 0 | BE34: 0 | BF34: 0 | BG34: 0 | BH34: 0

Sheet 2025 недельный зачет
B1: =SUM(B3:B190) -> 1438 | C1: =SUM(C3:C100) -> 15 | D1: =SUM(D3:D100) -> 45 | E1: =SUM(E3:E100) -> 78 | F1: =SUM(F3:F100) -> 36 | G1: =SUM(G3:G100) -> 74 | H1: =SUM(H3:H100) -> 22 | I1: =SUM(I3:I100) -> 18 | J1: =SUM(J3:J100) -> 15 | ... BC1: =SUM(BC3:BC100) -> 34
B2: Всего | C2: W53 | D2: W52 | E2: W51 | F2: W50 | G2: W49 | H2: W48 | I2: W47 | J2: W46 | K2: W45 | L2: W44 | M2: W43 | N2: W42 | O2: W41 | P2: W40 | Q2: W39 | R2: W38 | S2: W37 | T2: W36 | U2: W35 | V2: W34 | W2: W33 | X2: W32 | Y2: W31 | Z2: W30 | AA2: W29 | AB2: W28 | AC2: W27 | AD2: W26 | AE2: W25 | AF2: W24 | AG2: W23 | AH2: W22 | AI2: W21 | AJ2: W20 | AK2: W19 | AL2: W18 | AM2: W17 | AN2: W16 | AO2: W15 | AP2: W14 | AQ2: W13 | AR2: W12 | AS2: W11 | AT2: W10 | AU2: W9 | AV2: W8 | AW2: W7 | AX2: W6 | AY2: W5 | AZ2: W4 | BA2: W3 | BB2: W2 | BC2: W1
A3: Ден | B3: =SUM(C3:BC3) -> 162 | C3: 1 | D3: 2 | E3: 7 | F3: 4 | G3: 4 | H3: 4 | I3: 4 | J3: 3 | K3: 3 | L3: 2 | M3: 3 | N3: 3 | O3: 3 | P3: 2 | Q3: 4 | R3: 2 | S3: 3 | T3: 3 | U3: 5 | V3: 1 | W3: 4 | X3: 5 | Y3: 3 | Z3: 1 | AA3: 1 | AB3: 2 | AC3: 4 | AD3: 2 | AE3: 3 | AF3: 4 | AG3: 3 | AH3: 3 | AI3: 2 | AJ3: 3 | AK3: 1 | AL3: 3 | AM3: 3 | AN3: 4 | AO3: 3 | AP3: 4 | AQ3: 4 | AR3: 3 | AS3: 3 | AT3: 2 | AU3: 4 | AV3: 3 | AW3: 4 | AX3: 4 | AY3: 3 | AZ3: 4 | BA3: 4 | BB3: 3 | BC3: 0
A4: Диман | B4: =SUM(C4:BC4) -> 108 | C4: 0 | D4: 2 | E4: 8 | F4: 1 | G4: 5 | H4: 1 | I4: 1 | J4: 0 | K4: 3 | L4: 3 | M4: 1 | N4: 2 | O4: 3 | P4: 5 | Q4: 0 | R4: 1 | S4: 0 | T4: 1 | U4: 1 | V4: 1 | W4: 3 | X4: 1 | Y4: 4 | Z4: 0 | AA4: 3 | AB4: 0 | AC4: 3 | AD4: 2 | AE4: 2 | AF4: 1 | AG4: 0 | AH4: 4 | AI4: 2 | AJ4: 2 | AK4: 2 | AL4: 1 | AM4: 2 | AN4: 1 | AO4: 3 | AP4: 4 | AQ4: 3 | AR4: 2 | AS4: 3 | AT4: 2 | AU4: 3 | AV4: 3 | AW4: 3 | AX4: 3 | AY4: 1 | AZ4: 3 | BA4: 1 | BB4: 2 | BC4: 0
A5: Шурик | B5: =SUM(C5:BC5) -> 107 | C5: 3 | D5: 0 | E5: 5 | F5: 6 | G5: 1 | H5: 5 | I5: 0 | J5: 1 | K5: 0 | L5: 0 | M5: 0 | N5: 0 | O5: 6 | P5: 2 | Q5: 3 | R5: 1 | S5: 3 | T5: 0 | U5: 4 | V5: 3 | W5: 0 | X5: 0 | Y5: 3 | Z5: 3 | AA5: 3 | AB5: 4 | AC5: 6 | AD5: 3 | AE5: 0 | AF5: 0 | AG5: 0 | AH5: 0 | AI5: 5 | AJ5: 1 | AK5: 6 | AL5: 2 | AM5: 2 | AN5: 0 | AO5: 0 | AP5: 1 | AQ5: 1 | AR5: 1 | AS5: 1 | AT5: 0 | AU5: 0 | AV5: 0 | AW5: 2 | AX5: 3 | AY5: 3 | AZ5: 3 | BA5: 3 | BB5: 5 | BC5: 3
A6: Хвост | B6: =SUM(C6:BC6) -> 104 | C6: 1 | D6: 5 | E6: 13 | F6: 2 | G6: 9 | H6: 2 | I6: 0 | J6: 0 | K6: 1 | L6: 2 | M6: 1 | N6: 1 | O6: 2 | P6: 5 | Q6: 1 | R6: 3 | S6: 1 | T6: 1 | U6: 2 | V6: 2 | W6: 1 | X6: 1 | Y6: 3 | Z6: 0 | AA6: 3 | AB6: 0 | AC6: 1 | AD6: 1 | AE6: 2 | AF6: 1 | AG6: 3 | AH6: 1 | AI6: 1 | AJ6: 2 | AK6: 0 | AL6: 0 | AM6: 0 | AN6: 1 | AO6: 2 | AP6: 2 | AQ6: 2 | AR6: 2 | AS6: 2 | AT6: 1 | AU6: 1 | AV6: 1 | AW6: 3 | AX6: 1 | AY6: 1 | AZ6: 4 | BA6: 1 | BB6: 3 | BC6: 3
A7: Денис | B7: =SUM(C7:BC7) -> 102 | C7: 1 | D7: 6 | E7: 8 | F7: 2 | G7: 14 | H7: 1 | I7: 0 | J7: 0 | K7: 0 | L7: 4 | M7: 2 | N7: 1 | O7: 1 | P7: 0 | Q7: 1 | R7: 0 | S7: 2 | T7: 1 | U7: 3 | V7: 1 | W7: 1 | X7: 1 | Y7: 2 | Z7: 1 | AA7: 1 | AB7: 0 | AC7: 1 | AD7: 2 | AE7: 0 | AF7: 1 | AG7: 1 | AH7: 0 | AI7: 1 | AJ7: 0 | AK7: 1 | AL7: 4 | AM7: 1 | AN7: 0 | AO7: 0 | AP7: 0 | AQ7: 0 | AR7: 0 | AS7: 2 | AT7: 3 | AU7: 1 | AV7: 2 | AW7: 3 | AX7: 3 | AY7: 3 | AZ7: 6 | BA7: 3 | BB7: 8 | BC7: 2
A8: Леха | B8: =SUM(C8:BC8) -> 99 | C8: 2 | D8: 2 | E8: 6 | F8: 6 | G8: 4 | H8: 0 | I8: 1 | J8: 1 | K8: 1 | L8: 5 | M8: 1 | N8: 2 | O8: 3 | P8: 2 | Q8: 1 | R8: 1 | S8: 0 | T8: 1 | U8: 1 | V8: 3 | W8: 0 | X8: 0 | Y8: 1 | Z8: 0 | AA8: 2 | AB8: 1 | AC8: 2 | AD8: 2 | AE8: 1 | AF8: 3 | AG8: 1 | AH8: 3 | AI8: 0 | AJ8: 3 | AK8: 4 | AL8: 5 | AM8: 0 | AN8: 3 | AO8: 3 | AP8: 3 | AQ8: 1 | AR8: 0 | AS8: 2 | AT8: 1 | AU8: 2 | AV8: 0 | AW8: 2 | AX8: 3 | AY8: 3 | AZ8: 1 | BA8: 0 | BB8: 1 | BC8: 3
A9: Фил | B9: =SUM(C9:BC9) -> 86 | C9: 1 | D9: 2 | E9: 6 | F9: 2 | G9: 15 | H9: 3 | I9: 1 | J9: 1 | K9: 0 | L9: 4 | M9: 2 | N9: 1 | O9: 1 | P9: 2 | Q9: 0 | R9: 2 | S9: 1 | T9: 0 | U9: 2 | V9: 0 | W9: 1 | X9: 0 | Y9: 3 | Z9: 2 | AA9: 6 | AB9: 2 | AC9: 3 | AD9: 2 | AE9: 1 | AF9: 0 | AG9: 1 | AH9: 0 | AI9: 0 | AJ9: 0 | AK9: 1 | AL9: 0 | AM9: 3 | AN9: 0 | AO9: 1 | AP9: 1 | AQ9: 1 | AR9: 1 | AS9: 0 | AT9: 1 | AU9: 0 | AV9: 1 | AW9: 0 | AX9: 1 | AY9: 1 | AZ9: 0 | BA9: 1 | BB9: 4 | BC9: 2
A10: Витёк | B10: =SUM(C10:BC10) -> 79 | C10: 2 | D10: 1 | E10: 5 | F10: 1 | G10: 1 | H10: 1 | I10: 1 | J10: 1 | K10: 2 | L10: 2 | M10: 1 | N10: 1 | O10: 1 | P10: 1 | Q10: 1 | R10: 0 | S10: 0 | T10: 0 | U10: 2 | V10: 2 | W10: 4 | X10: 1 | Y10: 1 | Z10: 2 | AA10: 6 | AB10: 0 | AC10: 1 | AD10: 1 | AE10: 2 | AF10: 2 | AG10: 1 | AH10: 1 | AI10: 0 | AJ10: 1 | AK10: 4 | AL10: 3 | AM10: 2 | AN10: 1 | AO10: 3 | AP10: 1 | AQ10: 1 | AR10: 1 | AS10: 1 | AT10: 0 | AU10: 1 | AV10: 3 | AW10: 2 | AX10: 1 | AY10: 1 | AZ10: 1 | BA10: 1 | BB10: 1 | BC10: 2
A11: Арс | B11: =SUM(C11:BC11) -> 71 | C11: 1 | D11: 2 | E11: 4 | F11: 1 | G11: 1 | H11: 2 | I11: 1 | J11: 2 | K11: 1 | L11: 2 | M11: 3 | N11: 1 | O11: 1 | P11: 2 | Q11: 1 | R11: 2 | S11: 1 | T11: 0 | U11: 1 | V11: 1 | W11: 3 | X11: 1 | Y11: 3 | Z11: 0 | AA11: 3 | AB11: 0 | AC11: 2 | AD11: 1 | AE11: 3 | AF11: 1 | AG11: 0 | AH11: 1 | AI11: 1 | AJ11: 1 | AK11: 2 | AL11: 0 | AM11: 2 | AN11: 1 | AO11: 1 | AP11: 2 | AQ11: 2 | AR11: 3 | AS11: 0 | AT11: 1 | AU11: 1 | AV11: 1 | AW11: 1 | AX11: 1 | AY11: 1 | AZ11: 1 | BA11: 1 | BB11: 0 | BC11: 0
A12: Женёк В | B12: =SUM(C12:BC12) -> 71 | C12: 1 | D12: 6 | E12: 1 | F12: 1 | G12: 2 | H12: 1 | I12: 1 | J12: 0 | K12: 2 | L12: 0 | M12: 1 | N12: 0 | O12: 1 | P12: 1 | Q12: 1 | R12: 0 | S12: 0 | T12: 1 | U12: 5 | V12: 3 | W12: 5 | X12: 3 | Y12: 4 | Z12: 2 | AA12: 2 | AB12: 1 | AC12: 0 | AD12: 0 | AE12: 0 | AF12: 0 | AG12: 0 | AH12: 0 | AI12: 0 | AJ12: 3 | AK12: 2 | AL12: 0 | AM12: 1 | AN12: 1 | AO12: 0 | AP12: 1 | AQ12: 0 | AR12: 0 | AS12: 1 | AT12: 3 | AU12: 0 | AV12: 1 | AW12: 1 | AX12: 1 | AY12: 2 | AZ12: 1 | BA12: 0 | BB12: 5 | BC12: 3
A13: Даня | B13: =SUM(C13:BC13) -> 65 | C13: 0 | D13: 1 | E13: 2 | F13: 1 | G13: 2 | H13: 0 | I13: 2 | J13: 1 | K13: 2 | L13: 1 | M13: 2 | N13: 2 | O13: 1 | P13: 1 | Q13: 0 | R13: 0 | S13: 1 | T13: 1 | U13: 0 | V13: 1 | W13: 2 | X13: 1 | Y13: 4 | Z13: 1 | AA13: 1 | AB13: 1 | AC13: 2 | AD13: 1 | AE13: 0 | AF13: 1 | AG13: 0 | AH13: 0 | AI13: 2 | AJ13: 2 | AK13: 1 | AL13: 1 | AM13: 2 | AN13: 1 | AO13: 1 | AP13: 2 | AQ13: 1 | AR13: 0 | AS13: 2 | AT13: 2 | AU13: 1 | AV13: 2 | AW13: 2 | AX13: 0 | AY13: 1 | AZ13: 1 | BA13: 2 | BB13: 2 | BC13: 2
A14: Ахмед | B14: =SUM(C14:BC14) -> 64 | C14: 0 | D14: 2 | E14: 1 | F14: 0 | G14: 1 | H14: 1 | I14: 2 | J14: 1 | K14: 0 | L14: 1 | M14: 2 | N14: 1 | O14: 0 | P14: 1 | Q14: 1 | R14: 1 | S14: 3 | T14: 1 | U14: 1 | V14: 2 | W14: 1 | X14: 2 | Y14: 4 | Z14: 1 | AA14: 3 | AB14: 3 | AC14: 2 | AD14: 0 | AE14: 0 | AF14: 1 | AG14: 1 | AH14: 0 | AI14: 1 | AJ14: 2 | AK14: 0 | AL14: 0 | AM14: 1 | AN14: 2 | AO14: 1 | AP14: 1 | AQ14: 1 | AR14: 0 | AS14: 0 | AT14: 1 | AU14: 1 | AV14: 2 | AW14: 1 | AX14: 0 | AY14: 2 | AZ14: 1 | BA14: 3 | BB14: 2 | BC14: 2
... A35: Пашок | B35: =SUM(C35:BC35) -> 1 | C35: 0 | D35: 0 | E35: 0 | F35: 0 | G35: 0 | H35: 0 | I35: 0 | J35: 0 | K35: 0 | L35: 0 | M35: 0 | N35: 0 | O35: 0 | P35: 0 | Q35: 1 | R35: 0 | S35: 0 | T35: 0 | U35: 0 | V35: 0 | W35: 0 | X35: 0 | Y35: 0 | Z35: 0 | AA35: 0 | AB35: 0 | AC35: 0 | AD35: 0 | AE35: 0 | AF35: 0 | AG35: 0 | AH35: 0 | AI35: 0 | AJ35: 0 | AK35: 0 | AL35: 0 | AM35: 0 | AN35: 0 | AO35: 0 | AP35: 0 | AQ35: 0 | AR35: 0 | AS35: 0 | AT35: 0 | AU35: 0 | AV35: 0 | AW35: 0 | AX35: 0 | AY35: 0 | AZ35: 0 | BA35: 0 | BB35: 0 | BC35: 0

Sheet 2025 все бани
B1: =SUM(C6:AI1573) -> 1438 | C1: Диман | D1: Шурик | E1: Ден | F1: Леха | G1: Фил | H1: Даня | I1: Витёк | J1: Ахмед | K1: Женёк В | L1: Хвост | M1: Махмуд | N1: Денис | O1: Арс | P1: Толмач | Q1: Alex B | R1: Король | S1: Виталик | T1: Женёк З | U1: Симба | V1: Данюс | W1: Серёга | X1: Чен | Y1: Дёс | Z1: Миша П | AA1: Жанат | AB1: Дор | AC1: Пашок | AD1: Саня С | AE1: Костян | AF1: Леха С | AG1: Вадик | AH1: Самат | AI1: Макс
B2: Компания | C2: 62 | D2: 33 | E2: 48 | F2: 39 | G2: 56 | H2: 23 | I2: 58 | J2: 23 | K2: 20 | L2: 37 | M2: 38 | N2: 13 | O2: 39 | P2: 0 | Q2: 12 | R2: 15 | S2: 6 | T2: 13 | U2: 10 | V2: 4 | W2: 0 | X2: 9 | Y2: 6 | Z2: 8 | AA2: 14 | AB2: 6 | AC2: 0 | AD2: 6 | AE2: 7 | AF2: 7 | AG2: 6 | AH2: 4 | AI2: 7
B3: Долгая (>2,5ч) | C3: 90 | D3: 48 | E3: 79 | F3: 37 | G3: 55 | H3: 14 | I3: 53 | J3: 55 | K3: 23 | L3: 71 | M3: 35 | N3: 24 | O3: 59 | P3: 1 | Q3: 22 | R3: 27 | S3: 5 | T3: 10 | U3: 5 | V3: 41 | W3: 0 | X3: 13 | Y3: 3 | Z3: 9 | AA3: 7 | AB3: 2 | AC3: 0 | AD3: 4 | AE3: 5 | AF3: 8 | AG3: 4 | AH3: 3 | AI3: 7
B4: Ультра Уникальные | C4: 21 | D4: 65 | E4: 16 | F4: 33 | G4: 37 | H4: 4 | I4: 29 | J4: 11 | K4: 23 | L4: 34 | M4: 8 | N4: 23 | O4: 6 | P4: 4 | Q4: 9 | R4: 10 | S4: 1 | T4: 4 | U4: 3 | V4: 20 | W4: 0 | X4: 4 | Y4: 3 | Z4: 1 | AA4: 2 | AB4: 1 | AC4: 1 | AD4: 1 | AE4: 1 | AF4: 2 | AG4: 0 | AH4: 1 | AI4: 2
B5: Уникальные | C5: =COUNT(C7:C4573) -> 71 | D5: =COUNT(D7:D4573) -> 95 | E5: =COUNT(E7:E4573) -> 54 | F5: =COUNT(F7:F4573) -> 55 | G5: =COUNT(G7:G4573) -> 66 | H5: =COUNT(H7:H4573) -> 15 | I5: =COUNT(I7:I4573) -> 61 | J5: =COUNT(J7:J4573) -> 24 | K5: =COUNT(K6:K4573) -> 47 | L5: =COUNT(L7:L4573) -> 74 | M5: =COUNT(M7:M4573) -> 30 | N5: =COUNT(N7:N4573) -> 36 | O5: =COUNT(O7:O4573) -> 34 | P5: =COUNT(P7:P4573) -> 4 | Q5: =COUNT(Q7:Q4573) -> 18 | R5: =COUNT(R7:R4573) -> 23 | S5: =COUNT(S7:S4573) -> 5 | ... AI5: =COUNT(AI7:AI4573) -> 6
B6: Абакан, горы, банька в снегу)) | K6: 5
B7: Абзаково, Эдельвейс
B8: Абу-Даби, Риксос Марина
B9: Абу-Даби, vogo hotel
B10: Австрия, weberstube
B11: Австрия, 1р аква дом
B12: Австрия, 2р аква дом
B13: Австрия, Таурен Спа | J13: 1 | R13: 2
B14: Австрия, Römertherme Baden | D14: 1
B15: Азия спа, Белорусская
B16: Азия спа, Киевская
B17: Азия спа, Полянка
B18: Азия спа, Сити
B19: Аквазона Зил
B20: Аквапарк Карибиа
B21: Аквапарк Ква-ква
B22: Аквапарк Мореон | Z22: 1
B23: Аквапарк Фэнтези Марьино
B24: Аквапарк Юна
A25: 18 | B25: Алексин, на Поленова | I25: 1
B26: Алексин, на Северной
B27: Алматы, 2200 походная
B28: Алматы, Арасан
B29: Алматы, Хаят Рахат
B30: Алматы, Dedemans
B31: Алтай, 4 богатыря
B32: Алтай, Беловодье
B33: Алтай, Благодать
B34: Алтай, Зеленые холмы
B35: Алтай, Инегень
B36: Алтай, Мульты
B37: Алтай, Рублевка
... B43: Амстер, Kuuma 2
B44: Амстер, Pillows hotel spa | P44: 1 | T44: 1
B45: Анапа, Серотонин спа | C45: 3 | L45: 2
B46: Аничково, Петровские
B47: Апрелевская
B48: Архыз, Axis spa | F48: 3
B49: Архыз, Pino spa | F49: 2
B50: Архыз, Софийские вершины | F50: 1
B51: Астана, Орловские | C51: 1 | L51: 1
B52: Астана, Пихта | C52: 1 | L52: 1
B53: Астраханские | C53: 1 | D53: 1 | E53: 1 | F53: 2 | I53: 2 | L53: 1 | N53: 1
B54: Астрахань, Вертикаль
B55: Астрахань, Столяровская
B56: Астрахань, Царевская
B57: Бабушкинские | V57: 1
B58: Баенник, Горки10
B59: Балашиха, Артиленд Карельская
B60: Балашиха, Бабл | D60: 1
B61: Балашиха, Саввинские | L61: 1
B62: Бангкок, Meko onsen | D62: 1 | K62: 1
B63: Бангкок, Bangkok onsen | D63: 1
B64: Бангкок, Carnation sauna | D64: 1
B65: Бангкок, Onsen factory | D65: 1
B66: Бангкок, Yunomori onsen | D66: 1
B67: Банная слобода
B68: Банная усадьба, Октябрьское поле Шале
B69: Банный двор, Лобненская Цыганский табор | J69: 1 | R69: 1 | S69: 1
B70: Барнаул, баня 24
B71: Барнаул, баня 36
B72: Барнаул, Гоньбинские
B73: Барнаул, Гущинские
B74: Барнаул, Павловские
B75: Барнаул, Центральные бани
B76: Батуми, Монарх отель | N76: 1
B77: Белград, Atera business suite
B78: Бердск, на Веге
B79: Бердские
B80: Берлин, Babor
B81: Берлин, Liquidrom
B82: Берлин, Park Inn
B83: Бишкек, Каусар
B84: Благовещенск, баня 3
B85: Благовещенск, баня 6
B86: Блядильня Виталита на Таганке
B87: Блядильня Марьино | N87: 1
B88: Блядильня Матвеевские бани, малый зал
B89: Блядильня Матвеевские бани, средний зал | L89: 1 | M89: 1
B90: Блядильня Кутузов VIP | N90: 2
B91: Блядильня Шоколад
B92: Блядильня Bon спа
B93: Блядильня Тай Сан спа | N93: 1
B94: Боливия, Palacio de Sal
B95: Бочка во Внуково
B96: Будапешт, Сечени
B97: Быковские | R97: 1
B98: Варшавские, высший | E98: 3 | H98: 2 | O98: 1 | AD98: 1 | AE98: 1 | AF98: 1 | AG98: 2 | AI98: 2
B99: Варшавские, мужской | C99: 2 | G99: 2 | H99: 2 | I99: 3 | K99: 1 | L99: 2 | M99: 1 | O99: 3 | U99: 1 | AE99: 1 | AF99: 1 | AI99: 1
B100: Варшавские, женский | D100: 1 | G100: 1 | M100: 1
B101: Варшавские, Охота
B102: Варшавские, Шале | O102: 1
A103: 30 | B103: Василевские | D103: 4 | E103: 1 | F103: 29 | G103: 2 | H103: 2 | I103: 3 | K103: 1 | M103: 3 | O103: 1 | U103: 2 | Y103: 1 | Z103: 2 | AA103: 4
B104: Васильевские | L104: 1
B105: Великоустюгская | D105: 1
...

Sheet 2025 кубок
A1: Раунд 1 | C1: Раунд 2 чемпионы | E1: Раунд 3 чемпионы | G1: Раунд 4 Финал
C2: напарники сохраняются | E2: напарники сохраняются | G2: напарники сохраняются
A3: Витёк+Ахмед 2+2
A4: Леха+Alex B 14+11 | C4: Леха+Alex B 14+6
C5: Ден+Король 9+5
A6: Шурик+Махмуд 4+2
A7: Ден+Король 9+6 | E7: Леха+Alex B 18+1 | G7: Фил+Данюс 7+21
E8: Фил+Данюс 21+9 | G8: Хвост+Денис 16+18
A9: Диман+Даня 11+2
A10: Арс+Женек 2+6 | C10: Диман+Даня 3+1
C11: Фил+Данюс 7+0
A12: Фил+Данюс 44+16
A13: Хвост+Денис 30+29
C14: Раунд 2 ебланы | E14: Раунд 3 ебланы
C15: слепая жеребьёвка ебланов | E15: слепая жеребьёвка новых ебланов
C17: Ахмед+Витек 0+2 | E17: Хвост+Денис 36+22
C18: Хвост+Денис 7+2 | E18: Шурик+Махмуд 18+7
E19: Даня+Король 102+0
C20: Женек+Арс 4+2 | E20: Ден+Диман 21+26
C21: Шурик+Махмуд 20+1

Sheet 2024 общий зачет
A1: =SUM(C2:F34)-'2024 все бани'!B4-SUM('2024 все бани'!C1:AI3) -> 0 | B1: Итого | C1: кол-во | D1: Уник | E1: УУник | F1: комп | G1: W52 | H1: W51 | I1: W50 | J1: W49 | K1: W48 | L1: W47 | M1: W46 | N1: W45 | O1: W44 | P1: W43 | Q1: W42 | R1: W41 | S1: W40 | T1: W39 | U1: W38 | V1: W37 | W1: W36 | X1: W35 | Y1: W34 | Z1: W33 | AA1: W32 | AB1: W31 | AC1: W30 | AD1: W29 | AE1: W28 | AF1: W27 | AG1: W26 | AH1: W25 | AI1: W24 | AJ1: W23 | AK1: W22 | AL1: W21 | AM1: W20 | AN1: W19 | AO1: W18 | AP1: W17 | AQ1: W16 | AR1: W15 | AS1: W14 | AT1: W13 | AU1: W12 | AV1: W11 | AW1: W10 | AX1: W9 | AY1: W8 | AZ1: W7 | BA1: W6 | BB1: W5 | BC1: W4 | BD1: W3 | BE1: W2 | BF1: W1
A2: Диман | B2: =SUM(C2:BF2) -> 563.6824 | C2: =VLOOKUP(A2,'2024 недельный зачет'!$A:$B,2,FALSE) -> 156 | D2: ='2024 все бани'!L3 -> 102 | E2: ='2024 все бани'!L2 -> 47 | F2: ='2024 все бани'!L1 -> 47 | G2: 1.2222222 | H2: 10 | I2: 10 | J2: 2.5 | K2: 2 | L2: 1.6363636 | M2: 10 | N2: 7 | O2: 0.42857143 | P2: 0 | Q2: 10 | R2: =10/3 -> 3.3333333 | S2: 1.2 | T2: 7 | U2: 5 | V2: 7 | W2: 0 | X2: 8.5 | Y2: =3/5 -> 0.6 | Z2: 2 | AA2: =17/4 -> 4.25 | AB2: 0 | AC2: 3 | AD2: 8.5 | AE2: 8.5 | AF2: =1/7 -> 0.14285714 | AG2: 0 | AH2: 6 | AI2: 10 | AJ2: 0 | AK2: 3 | AL2: 0 | AM2: 5 | AN2: 6 | AO2: 3.3333333 | AP2: 7 | AQ2: 7 | AR2: =11/7 -> 1.5714286 | AS2: 8.5 | AT2: 4.25 | AU2: =11/4 -> 2.75 | AV2: =6/7 -> 0.85714286 | AW2: 8.5 | AX2: 0 | AY2: =17/4 -> 4.25 | AZ2: 6 | BA2: =6/7 -> 0.85714286 | BB2: 5 | BC2: 7 | BD2: 0 | BE2: 1 | BF2: 0
A3: Шурик | B3: =SUM(C3:BF3) -> 510.49812 | C3: =VLOOKUP(A3,'2024 недельный зачет'!$A:$B,2,FALSE) -> 129 | D3: ='2024 все бани'!F3 -> 114 | E3: ='2024 все бани'!F2 -> 79 | F3: ='2024 все бани'!F1 -> 37 | G3: 10 | H3: 5 | I3: 7 | J3: 2.5 | K3: 5 | L3: 0 | M3: 0 | N3: 1.5 | O3: 0.42857143 | P3: =6/5 -> 1.2 | Q3: =1/3 -> 0.33333333 | R3: =10/3 -> 3.3333333 | S3: 7.3333333 | T3: 0 | U3: 5 | V3: =1/9 -> 0.11111111 | W3: 10 | X3: 8.5 | Y3: 8.5 | Z3: 0 | AA3: 0.25 | AB3: 6 | AC3: 0 | AD3: =1/7 -> 0.14285714 | AE3: =3/11 -> 0.27272727 | AF3: =1/7 -> 0.14285714 | AG3: 6 | AH3: 0 | AI3: 0 | AJ3: 5 | AK3: 0 | AL3: 0 | AM3: 10 | AN3: 10 | AO3: 3.3333333 | AP3: 10 | AQ3: 10 | AR3: 0 | AS3: 0 | AT3: 0 | AU3: 0 | AV3: 0 | AW3: 0 | AX3: 0 | AY3: 0.2 | AZ3: 0 | BA3: 0 | BB3: 0 | BC3: 0 | BD3: =11/12 -> 0.91666667 | BE3: 5 | BF3: 8.5
A4: Ден | B4: =SUM(C4:BF4) -> 423.31385 | C4: =VLOOKUP(A4,'2024 недельный зачет'!$A:$B,2,FALSE) -> 136 | D4: ='2024 все бани'!D3 -> 43 | E4: ='2024 все бани'!D2 -> 12 | F4: ='2024 все бани'!D1 -> 33 | G4: 0 | H4: 2.5 | I4: 1 | J4: 5 | K4: 2 | L4: 1.6363636 | M4: 0 | N4: 5 | O4: 5 | P4: 6 | Q4: 2.5 | R4: 8.5 | S4: 7.3333333 | T4: 4 | U4: 0 | V4: 10 | W4: 0 | X4: 2.5 | Y4: 4 | Z4: 2 | AA4: 0 | AB4: 6 | AC4: 3 | AD4: 5 | AE4: =3/11 -> 0.27272727 | AF4: 8.5 | AG4: 6 | AH4: 10 | AI4: 0 | AJ4: 8.5 | AK4: 0.5 | AL4: 1 | AM4: 0 | AN4: 2 | AO4: =1/4 -> 0.25 | AP4: 2.75 | AQ4: =1/6 -> 0.16666667 | AR4: =11/7 -> 1.5714286 | AS4: 8.5 | AT4: 4.25 | AU4: =11/4 -> 2.75 | AV4: =22/3 -> 7.3333333 | AW4: 4 | AX4: 10 | AY4: 0 | AZ4: 0 | BA4: 8.5 | BB4: 5 | BC4: 5 | BD4: 7 | BE4: 10 | BF4: 2.5
A5: Леха | B5: =SUM(C5:BF5) -> 400.66266 | C5: =VLOOKUP(A5,'2024 недельный зачет'!$A:$B,2,FALSE) -> 114 | D5: ='2024 все бани'!E3 -> 68 | E5: ='2024 все бани'!E2 -> 41 | F5: ='2024 все бани'!E1 -> 43 | G5: 1.2222222 | H5: 2.5 | I5: 1 | J5: 1 | K5: 8.5 | L5: 1.6363636 | M5: 5 | N5: 0 | O5: 0 | P5: 0 | Q5: 6 | R5: =1/3 -> 0.33333333 | S5: 0 | T5: =1/5 -> 0.2 | U5: 5 | V5: =1/9 -> 0.11111111 | W5: 2 | X5: =1/3 -> 0.33333333 | Y5: 8.5 | Z5: 2 | AA5: 0 | AB5: 0 | AC5: 10 | AD5: =1/7 -> 0.14285714 | AE5: =3/11 -> 0.27272727 | AF5: 8.5 | AG5: 0 | AH5: 0 | AI5: 0 | AJ5: 8.5 | AK5: 6 | AL5: 10 | AM5: 5 | AN5: 0 | AO5: 8.5 | AP5: 0 | AQ5: =10/3 -> 3.3333333 | AR5: =11/7 -> 1.5714286 | AS5: 0 | AT5: 0 | AU5: =11/4 -> 2.75 | AV5: =6/7 -> 0.85714286 | AW5: 0 | AX5: 2 | AY5: =17/4 -> 4.25 | AZ5: 2 | BA5: =6/7 -> 0.85714286 | BB5: =3/8 -> 0.375 | BC5: 0 | BD5: =11/12 -> 0.91666667 | BE5: 5 | BF5: 8.5
A6: Фил | B6: =SUM(C6:BF6) -> 321.39177 | C6: =VLOOKUP(A6,'2024 недельный зачет'!$A:$B,2,FALSE) -> 83 | D6: ='2024 все бани'!C3 -> 56 | E6: ='2024 все бани'!C2 -> 32 | F6: ='2024 все бани'!C1 -> 49 | G6: 1.2222222 | H6: 0 | I6: 1 | J6: 0 | K6: 0 | L6: 10 | M6: 0 | N6: 0 | O6: 0.42857143 | P6: 0 | Q6: 6 | R6: 0 | S6: 7.3333333 | T6: 4 | U6: 0 | V6: =1/9 -> 0.11111111 | W6: 0 | X6: =1/3 -> 0.33333333 | Y6: 0 | Z6: 8.5 | AA6: 0.25 | AB6: 2 | AC6: 0 | AD6: 0 | AE6: =3/11 -> 0.27272727 | AF6: 0 | AG6: 1 | AH6: 0 | AI6: 0 | AJ6: 0 | AK6: 6 | AL6: 0 | AM6: 0 | AN6: 0 | AO6: 0 | AP6: 2.75 | AQ6: =1/6 -> 0.16666667 | AR6: 0 | AS6: 0 | AT6: 4.25 | AU6: 8.5 | AV6: 0 | AW6: 8.5 | AX6: 0 | AY6: 10 | AZ6: 6 | BA6: =6/7 -> 0.85714286 | BB6: 10 | BC6: 1 | BD6: =11/12 -> 0.91666667 | BE6: 0 | BF6: 0
A7: Даня | B7: =SUM(C7:BF7) -> 293.56663 | C7: =VLOOKUP(A7,'2024 недельный зачет'!$A:$B,2,FALSE) -> 110 | D7: ='2024 все бани'!J3 -> 15 | E7: ='2024 все бани'!J2 -> 6 | F7: ='2024 все бани'!J1 -> 16 | G7: 7 | H7: 0.2 | I7: 0 | J7: 0 | K7: 0 | L7: 1.6363636 | M7: 0 | N7: 1.5 | O7: 5 | P7: =6/5 -> 1.2 | Q7: =1/3 -> 0.33333333 | R7: 8.5 | S7: 1.2 | T7: 0 | U7: 0.75 | V7: =1/9 -> 0.11111111 | W7: 0 | X7: 0 | Y7: 0 | Z7: 0 | AA7: 0 | AB7: 0 | AC7: 3 | AD7: =1/7 -> 0.14285714 | AE7: =3/11 -> 0.27272727 | AF7: =10/3 -> 3.3333333 | AG7: 10 | AH7: 6 | AI7: 1 | AJ7: 1.5 | AK7: 10 | AL7: =10/3 -> 3.3333333 | AM7: 5 | AN7: 2 | AO7: 8.5 | AP7: 0 | AQ7: =1/6 -> 0.16666667 | AR7: =11/7 -> 1.5714286 | AS7: =11/4 -> 2.75 | AT7: 0.5 | AU7: =11/4 -> 2.75 | AV7: =22/3 -> 7.3333333 | AW7: 1 | AX7: 6 | AY7: =17/4 -> 4.25 | AZ7: 10 | BA7: =6/7 -> 0.85714286 | BB7: =3/8 -> 0.375 | BC7: 10 | BD7: 10 | BE7: 5 | BF7: 2.5
A8: Витёк | B8: =SUM(C8:BF8) -> 292.49722 | C8: =VLOOKUP(A8,'2024 недельный зачет'!$A:$B,2,FALSE) -> 75 | D8: ='2024 все бани'!H3 -> 67 | E8: ='2024 все бани'!H2 -> 42 | F8: ='2024 все бани'!H1 -> 46 | G8: 1.2222222 | H8: 0.2 | I8: 1 | J8: 0 | K8: 0 | L8: 0 | M8: 0 | N8: 0 | O8: 0 | P8: 0 | Q8: =1/3 -> 0.33333333 | R8: 0 | S8: 0 | T8: =1/5 -> 0.2 | U8: 0 | V8: 2.5 | W8: 6 | X8: 0 | Y8: 0 | Z8: 0 | AA8: 0.25 | AB8: =1/3 -> 0.33333333 | AC8: 3 | AD8: 0 | AE8: 4 | AF8: =10/3 -> 3.3333333 | AG8: 0 | AH8: 1.5 | AI8: 0 | AJ8: 1.5 | AK8: 0 | AL8: 7 | AM8: 1.5 | AN8: 2 | AO8: =1/4 -> 0.25 | AP8: 0 | AQ8: 0 | AR8: 8.5 | AS8: 0 | AT8: 0 | AU8: 8.5 | AV8: 0 | AW8: 4 | AX8: 2 | AY8: 0 | AZ8: 2 | BA8: 0 | BB8: =3/8 -> 0.375 | BC8: 1 | BD8: 0 | BE8: 0 | BF8: 0
A9: Ахмед | B9: =SUM(C9:BF9) -> 268.04524 | C9: =VLOOKUP(A9,'2024 недельный зачет'!$A:$B,2,FALSE) -> 88 | D9: ='2024 все бани'!K3 -> 42 | E9: ='2024 все бани'!K2 -> 22 | F9: ='2024 все бани'!K1 -> 20 | G9: 0 | H9: 0 | I9: 1 | J9: 0 | K9: 0 | L9: 0 | M9: 0 | N9: 0 | O9: 0.42857143 | P9: =6/5 -> 1.2 | Q9: 0 | R9: 0 | S9: 0 | T9: 0 | U9: 0.75 | V9: 5 | W9: 6 | X9: =1/3 -> 0.33333333 | Y9: 4 | Z9: 5 | AA9: =17/4 -> 4.25 | AB9: 3 | AC9: 3 | AD9: 2.5 | AE9: 4 | AF9: 0 | AG9: 1 | AH9: 1.5 | AI9: 7 | AJ9: 1.5 | AK9: 0.5 | AL9: 0 | AM9: 0 | AN9: 6 | AO9: 0 | AP9: 2.75 | AQ9: =10/3 -> 3.3333333 | AR9: 8.5 | AS9: =11/4 -> 2.75 | AT9: 0 | AU9: 0 | AV9: 0 | AW9: 1 | AX9: 0 | AY9: =17/4 -> 4.25 | AZ9: 2 | BA9: 8.5 | BB9: 5 | BC9: 0 | BD9: 0 | BE9: 0 | BF9: 0
A10: Женёк В | B10: =SUM(C10:BF10) -> 235.35076 | C10: =VLOOKUP(A10,'2024 недельный зачет'!$A:$B,2,FALSE) -> 72 | D10: ='2024 все бани'!G3 -> 53 | E10: ='2024 все бани'!G2 -> 36 | F10: ='2024 все бани'!G1 -> 14 | G10: 1.2222222 | H10: 0.2 | I10: 0 | J10: 7 | K10: 0 | L10: 1.6363636 | M10: 0 | N10: 1.5 | O10: 0 | P10: 10 | Q10: 0 | R10: =10/3 -> 3.3333333 | S10: 0 | T10: 2 | U10: 0 | V10: =1/9 -> 0.11111111 | W10: 0 | X10: 5 | Y10: 0 | Z10: 0 | AA10: =17/4 -> 4.25 | AB10: =1/3 -> 0.33333333 | AC10: 3 | AD10: 0 | AE10: =3/11 -> 0.27272727 | AF10: =1/7 -> 0.14285714 | AG10: 1 | AH10: 0 | AI10: 0 | AJ10: 0 | AK10: 0 | AL10: 0 | AM10: 0 | AN10: 0 | AO10: =1/4 -> 0.25 | AP10: 2.75 | AQ10: 0 | AR10: 0 | AS10: 0 | AT10: 0 | AU10: 0 | AV10: =6/7 -> 0.85714286 | AW10: 0 | AX10: 2 | AY10: 0.2 | AZ10: 0 | BA10: 5 | BB10: =3/8 -> 0.375 | BC10: 1 | BD10: =11/12 -> 0.91666667 | BE10: 1 | BF10: 5
A11: Хвост | B11: =SUM(C11:BF11) -> 204.96861 | C11: =VLOOKUP(A11,'2024 недельный зачет'!$A:$B,2,FALSE) -> 63 | D11: ='2024 все бани'!AH3 -> 53 | E11: ='2024 все бани'!AH2 -> 24 | F11: ='2024 все бани'!AH1 -> 19 | G11: 1.2222222 | H11: 7 | I11: 5 | J11: 10 | K11: 2 | L11: 1.6363636 | M11: 5 | N11: 0 | O11: 10 | P11: 0 | Q11: 2.5 | R11: =1/3 -> 0.33333333 | S11: 0 | T11: 0 | U11: 0.75 | V11: =1/9 -> 0.11111111 | W11: 0 | X11: 0 | Y11: 0 | Z11: 0 | AA11: 0 | AB11: 0 | AC11: 0 | AD11: =1/7 -> 0.14285714 | AE11: =3/11 -> 0.27272727 | AF11: 0 | AG11: 0 | AH11: 0 | AI11: 0 | AJ11: 0 | AK11: 0 | AL11: 0 | AM11: 0 | AN11: 0 | AO11: 0 | AP11: 0 | AQ11: 0 | AR11: 0 | AS11: 0 | AT11: 0 | AU11: 0 | AV11: 0 | AW11: 0 | AX11: 0 | AY11: 0 | AZ11: 0 | BA11: 0 | BB11: 0 | BC11: 0 | BD11: 0 | BE11: 0 | BF11: 0
A12: Махмуд | B12: =SUM(C12:BF12) -> 201.51057 | C12: =VLOOKUP(A12,'2024 недельный зачет'!$A:$B,2,FALSE) -> 68 | D12: ='2024 все бани'!I3 -> 36 | E12: ='2024 все бани'!I2 -> 14 | F12: ='2024 все бани'!I1 -> 19 | G12: 0 | H12: 0 | I12: 0 | J12: 0 | K12: 0 | L12: 1.6363636 | M12: 0 | N12: 0 | O12: 0.42857143 | P12: 0 | Q12: 0 | R12: 0 | S12: 1.2 | T12: 0 | U12: 10 | V12: =1/9 -> 0.11111111 | W12: 0 | X12: 0 | Y12: 0 | Z12: 8.5 | AA12: 10 | AB12: 0 | AC12: 0 | AD12: 8.5 | AE12: 8.5 | AF12: =1/7 -> 0.14285714 | AG12: 1 | AH12: 0 | AI12: 0 | AJ12: 0 | AK12: 0 | AL12: 0 | AM12: 0 | AN12: 0 | AO12: 0 | AP12: 0 | AQ12: =1/6 -> 0.16666667 | AR12: 0 | AS12: =11/4 -> 2.75 | AT12: 10 | AU12: 0 | AV12: 0 | AW12: 0 | AX12: 0 | AY12: 0.2 | AZ12: 0 | BA12: 0 | BB12: =3/8 -> 0.375 | BC12: 1 | BD12: 0 | BE12: 0 | BF12: 0
A13: Денис | B13: =SUM(C13:BF13) -> 127.04192 | C13: =VLOOKUP(A13,'2024 недельный зачет'!$A:$B,2,FALSE) -> 53 | D13: ='2024 все бани'!AF3 -> 14 | E13: ='2024 все бани'!AF2 -> 5 | F13: ='2024 все бани'!AF1 -> 13 | G13: 1.2222222 | H13: 0.2 | I13: 1 | J13: 0 | K13: 8.5 | L13: 1.6363636 | M13: 5 | N13: 10 | O13: 5 | P13: 0 | Q13: 0 | R13: =1/3 -> 0.33333333 | S13: 1.2 | T13: =1/5 -> 0.2 | U13: 0.75 | V13: 2.5 | W13: 2 | X13: 2.5 | Y13: 0 | Z13: 0 | AA13: 0 | AB13: 0 | AC13: 0 | AD13: 0 | AE13: 0 | AF13: 0 | AG13: 0 | AH13: 0 | AI13: 0 | AJ13: 0 | AK13: 0 | AL13: 0 | AM13: 0 | AN13: 0 | AO13: 0 | AP13: 0 | AQ13: 0 | AR13: 0 | AS13: 0 | AT13: 0 | AU13: 0 | AV13: 0 | AW13: 0 | AX13: 0 | AY13: 0 | AZ13: 0 | BA13: 0 | BB13: 0 | BC13: 0 | BD13: 0 | BE13: 0 | BF13: 0
A14: Арс | B14: =SUM(C14:BF14) -> 113.55988 | C14: =VLOOKUP(A14,'2024 недельный зачет'!$A:$B,2,FALSE) -> 41 | D14: ='2024 все бани'!Z3 -> 27 | E14: ='2024 все бани'!Z2 -> 11 | F14: ='2024 все бани'!Z1 -> 21 | G14: 1.2222222 | H14: 0.2 | I14: 0 | J14: 0 | K14: 0 | L14: 1.6363636 | M14: 0 | N14: 0 | O14: 0.42857143 | P14: =6/5 -> 1.2 | Q14: 0 | R14: 0 | S14: 0 | T14: 0 | U14: 0 | V14: 0 | W14: 0 | X14: 0 | Y14: =3/5 -> 0.6 | Z14: 0 | AA14: 0 | AB14: =1/3 -> 0.33333333 | AC14: 0 | AD14: 0 | AE14: =3/11 -> 0.27272727 | AF14: =10/3 -> 3.3333333 | AG14: 0 | AH14: 0 | AI14: 0 | AJ14: 0 | AK14: 0.5 | AL14: 0 | AM14: 0 | AN14: 0 | AO14: 0 | AP14: 0 | AQ14: =1/6 -> 0.16666667 | AR14: 0 | AS14: =11/4 -> 2.75 | AT14: 0 | AU14: 0 | AV14: 0 | AW14: 0 | AX14: 0 | AY14: 0 | AZ14: 0 | BA14: 0 | BB14: 0 | BC14: 0 | BD14: =11/12 -> 0.91666667 | BE14: 0 | BF14: 0
A15: Толмач | B15: =SUM(C15:BF15) -> 91.990873 | C15: =VLOOKUP(A15,'2024 недельный зачет'!$A:$B,2,FALSE) -> 38 | D15: =+'2024 все бани'!M3 -> 18 | E15: ='2024 все бани'!M2 -> 11 | F15: ='2024 все бани'!M1 -> 1 | G15: 0 | H15: 0 | I15: 0 | J15: 0 | K15: 0 | L15: 0 | M15: 0 | N15: 0 | O15: 0 | P15: 6 | Q15: 0 | R15: 0 | S15: 0 | T15: 0 | U15: 0 | V15: =1/9 -> 0.11111111 | W15: 2 | X15: 0 | Y15: =3/5 -> 0.6 | Z15: 0 | AA15: 0.25 | AB15: 0 | AC15: 0 | AD15: 2.5 | AE15: 0 | AF15: 0 | AG15: 1 | AH15: 1.5 | AI15: =10/3 -> 3.3333333 | AJ15: 0 | AK15: 0.5 | AL15: =10/3 -> 3.3333333 | AM15: 0 | AN15: 0 | AO15: 0 | AP15: 0 | AQ15: 0 | AR15: =11/7 -> 1.5714286 | AS15: 0 | AT15: 0 | AU15: 0 | AV15: 0 | AW15: 0 | AX15: 0 | AY15: 0 | AZ15: 0 | BA15: 0 | BB15: =3/8 -> 0.375 | BC15: 0 | BD15: =11/12 -> 0.91666667 | BE15: 0 | BF15: 0
A16: Alex B | B16: =SUM(C16:BF16) -> 87.642857 | C16: =VLOOKUP(A16,'2024 недельный зачет'!$A:$B,2,FALSE) -> 42 | D16: ='2024 все бани'!N3 -> 17 | E16: ='2024 все бани'!N2 -> 3 | F16: ='2024 все бани'!N1 -> 5 | G16: 0 | H16: 0 | I16: 0 | J16: 0 | K16: 0 | L16: 0 | M16: 0 | N16: 0 | O16: 0 | P16: 0 | Q16: 0 | R16: 0 | S16: 1.2 | T16: =1/5 -> 0.2 | U16: 0 | V16: 0 | W16: 0 | X16: 0 | Y16: =3/5 -> 0.6 | Z16: 0 | AA16: 0 | AB16: 0 | AC16: 0 | AD16: =1/7 -> 0.14285714 | AE16: 0 | AF16: =1/7 -> 0.14285714 | AG16: 0 | AH16: 0 | AI16: 0 | AJ16: 1.5 | AK16: 0 | AL16: 0 | AM16: 0 | AN16: 0 | AO16: =1/4 -> 0.25 | AP16: 0 | AQ16: 0 | AR16: 0 | AS16: 0 | AT16: 0 | AU16: 0 | AV16: =22/3 -> 7.3333333 | AW16: 0 | AX16: 6 | AY16: 0 | AZ16: 0 | BA16: =6/7 -> 0.85714286 | BB16: 0 | BC16: 1 | BD16: =11/12 -> 0.91666667 | BE16: 0 | BF16: 0.5
A17: Король | B17: =SUM(C17:BF17) -> 81.318615 | C17: =VLOOKUP(A17,'2024 недельный зачет'!$A:$B,2,FALSE) -> 32 | D17: ='2024 все бани'!AG3 -> 13 | E17: ='2024 все бани'!AG2 -> 8 | F17: ='2024 все бани'!AG1 -> 13 | G17: 0 | H17: 0 | I17: 0 | J17: 0 | K17: 0 | L17: 1.6363636 | M17: 1.5 | N17: 1.5 | O17: 0 | P17: 0 | Q17: 0 | R17: 0 | S17: 0 | T17: 0 | U17: 0 | V17: 0 | W17: 0 | X17: 0 | Y17: =3/5 -> 0.6 | Z17: 0 | AA17: 0 | AB17: 0 | AC17: 0 | AD17: 0 | AE17: =3/11 -> 0.27272727 | AF17: =1/7 -> 0.14285714 | AG17: 0 | AH17: 1.5 | AI17: =10/3 -> 3.3333333 | AJ17: 0 | AK17: 0 | AL17: =10/3 -> 3.3333333 | AM17: 1.5 | AN17: 0 | AO17: 0 | AP17: 0 | AQ17: 0 | AR17: 0 | AS17: 0 | AT17: 0 | AU17: 0 | AV17: 0 | AW17: 0 | AX17: 0 | AY17: 0 | AZ17: 0 | BA17: 0 | BB17: 0 | BC17: 0 | BD17: 0 | BE17: 0 | BF17: 0
A18: Виталик | B18: =SUM(C18:BF18) -> 65.9886 | C18: =VLOOKUP(A18,'2024 недельный зачет'!$A:$B,2,FALSE) -> 25 | D18: ='2024 все бани'!Q3 -> 15 | E18: ='2024 все бани'!Q2 -> 7 | F18: ='2024 все бани'!Q1 -> 12 | G18: 0 | H18: 0 | I18: 0 | J18: 0 | K18: 0 | L18: 0 | M18: 0 | N18: 0 | O18: 0 | P18: 0 | Q18: 0 | R18: 0 | S18: 0 | T18: =1/5 -> 0.2 | U18: 0 | V18: =1/9 -> 0.11111111 | W18: 0 | X18: 0 | Y18: 0 | Z18: 0 | AA18: 0 | AB18: 0 | AC18: 0 | AD18: =1/7 -> 0.14285714 | AE18: =3/11 -> 0.27272727 | AF18: 0 | AG18: 0 | AH18: 0 | AI18: 0 | AJ18: 0 | AK18: 0 | AL18: 0 | AM18: 0 | AN18: 0 | AO18: 0 | AP18: 0 | AQ18: =10/3 -> 3.3333333 | AR18: =11/7 -> 1.5714286 | AS18: 0 | AT18: 0 | AU18: 0 | AV18: =6/7 -> 0.85714286 | AW18: 0 | AX18: 0 | AY18: 0 | AZ18: 0 | BA18: 0 | BB18: 0 | BC18: 0 | BD18: 0 | BE18: 0 | BF18: 0.5
A19: Женёк З | B19: =SUM(C19:BF19) -> 62.533333 | C19: =VLOOKUP(A19,'2024 недельный зачет'!$A:$B,2,FALSE) -> 17 | D19: ='2024 все бани'!U3 -> 14 | E19: ='2024 все бани'!U2 -> 6 | F19: ='2024 все бани'!U1 -> 11 | G19: 0 | H19: 0 | I19: 0 | J19: 0 | K19: 0 | L19: 0 | M19: 0 | N19: 0 | O19: 0 | P19: =6/5 -> 1.2 | Q19: 0 | R19: 0 | S19: 0 | T19: 0 | U19: 0 | V19: 0 | W19: 0 | X19: 0 | Y19: 0 | Z19: 0 | AA19: 0 | AB19: 10 | AC19: 0 | AD19: 0 | AE19: 0 | AF19: 0 | AG19: 0 | AH19: 0 | AI19: 0 | AJ19: 0 | AK19: 0 | AL19: 0 | AM19: 0 | AN19: 0 | AO19: 3.3333333 | AP19: 0 | AQ19: 0 | AR19: 0 | AS19: 0 | AT19: 0 | AU19: 0 | AV19: 0 | AW19: 0 | AX19: 0 | AY19: 0 | AZ19: 0 | BA19: 0 | BB19: 0 | BC19: 0 | BD19: 0 | BE19: 0 | BF19: 0
A20: Симба | B20: =SUM(C20:BF20) -> 59.875 | C20: =VLOOKUP(A20,'2024 недельный зачет'!$A:$B,2,FALSE) -> 18 | D20: ='2024 все бани'!V3 -> 13 | E20: ='2024 все бани'!V2 -> 5 | F20: ='2024 все бани'!V1 -> 10 | G20: 0 | H20: 0 | I20: 0 | J20: 0 | K20: 0 | L20: 0 | M20: 0 | N20: 0 | O20: 0 | P20: 0 | Q20: 0 | R20: 0 | S20: 0 | T20: 10 | U20: 0 | V20: 0 | W20: 0 | X20: 0 | Y20: 0 | Z20: 0 | AA20: 0 | AB20: 0 | AC20: 0 | AD20: 0 | AE20: 0 | AF20: =1/7 -> 0.14285714 | AG20: 0 | AH20: 0 | AI20: 0 | AJ20: 0 | AK20: 0.5 | AL20: 0 | AM20: 0 | AN20: 0 | AO20: 0 | AP20: 0 | AQ20: 0 | AR20: 0 | AS20: 0 | AT20: 0 | AU20: 0 | AV20: =6/7 -> 0.85714286 | AW20: 0 | AX20: 0 | AY20: 0 | AZ20: 0 | BA20: 0 | BB20: =3/8 -> 0.375 | BC20: 1 | BD20: 0 | BE20: 1 | BF20: 0
A21: Данюс | B21: =SUM(C21:BF21) -> 46.247619 | C21: =VLOOKUP(A21,'2024 недельный зачет'!$A:$B,2,FALSE) -> 26 | D21: =+'2024 все бани'!W3 -> 7 | E21: =+'2024 все бани'!W2 -> 4 | F21: =+'2024 все бани'!W1 -> 1 | G21: 0 | H21: 0 | I21: 0 | J21: 0 | K21: 0 | L21: 0 | M21: 0 | N21: 0 | O21: 0 | P21: 0 | Q21: 0 | R21: 0 | S21: 0 | T21: 0 | U21: 0 | V21: 0 | W21: 0 | X21: 0 | Y21: 0 | Z21: 0 | AA21: 0 | AB21: 0 | AC21: 0 | AD21: 0 | AE21: 0 | AF21: 0 | AG21: 1 | AH21: 0 | AI21: 0 | AJ21: 0 | AK21: 0 | AL21: 0 | AM21: 0 | AN21: 0 | AO21: 0 | AP21: 0 | AQ21: =1/6 -> 0.16666667 | AR21: 0 | AS21: 0 | AT21: 4.25 | AU21: 0 | AV21: =6/7 -> 0.85714286 | AW21: 0 | AX21: 0 | AY21: 0.2 | AZ21: 0 | BA21: =6/7 -> 0.85714286 | BB21: 0 | BC21: 0 | BD21: =11/12 -> 0.91666667 | BE21: 0 | BF21: 0
A22: Серёга | B22: =SUM(C22:BF22) -> 32.636364 | C22: =VLOOKUP(A22,'2024 недельный зачет'!$A:$B,2,FALSE) -> 22 | D22: ='2024 все бани'!P3 -> 2 | E22: ='2024 все бани'!P2 -> 1 | F22: ='2024 все бани'!P1 -> 0 | G22: 0 | H22: 0 | I22: 0 | J22: 0 | K22: 0 | L22: 1.6363636 | M22: 1.5 | N22: 0 | O22: 0.42857143 | P22: 0 | Q22: 0 | R22: 0 | S22: 0 | T22: 0 | U22: 0 | V22: 0 | W22: 0 | X22: 0 | Y22: 0 | Z22: 0 | AA22: 0 | AB22: 0 | AC22: 0 | AD22: =1/7 -> 0.14285714 | AE22: 0 | AF22: 0 | AG22: 0 | AH22: 0 | AI22: 0 | AJ22: 0 | AK22: 0 | AL22: 0 | AM22: 0 | AN22: 0 | AO22: 0 | AP22: 0 | AQ22: 0 | AR22: =11/7 -> 1.5714286 | AS22: 0 | AT22: 0.5 | AU22: 0 | AV22: =6/7 -> 0.85714286 | AW22: 1 | AX22: 0 | AY22: 0 | AZ22: 0 | BA22: 0 | BB22: 0 | BC22: 0 | BD22: 0 | BE22: 0 | BF22: 0
A23: Чен | B23: =SUM(C23:BF23) -> 27.606061 | C23: =VLOOKUP(A23,'2024 недельный зачет'!$A:$B,2,FALSE) -> 9 | D23: ='2024 все бани'!AI3 -> 5 | E23: ='2024 все бани'!AI2 -> 2 | F23: ='2024 все бани'!AI1 -> 8 | G23: 0 | H23: 0 | I23: 0 | J23: 0 | K23: 0 | L23: 0 | M23: 0 | N23: 0 | O23: 0 | P23: 0 | Q23: 0 | R23: 0 | S23: 0 | T23: 0 | U23: 0 | V23: 0 | W23: 0 | X23: 0 | Y23: 0 | Z23: 0 | AA23: 0 | AB23: 0 | AC23: 0 | AD23: 0 | AE23: =3/11 -> 0.27272727 | AF23: 0 | AG23: 0 | AH23: 0 | AI23: =10/3 -> 3.3333333 | AJ23: 0 | AK23: 0 | AL23: 0 | AM23: 0 | AN23: 0 | AO23: 0 | AP23: 0 | AQ23: 0 | AR23: 0 | AS23: 0 | AT23: 0 | AU23: 0 | AV23: 0 | AW23: 0 | AX23: 0 | AY23: 0 | AZ23: 0 | BA23: 0 | BB23: 0 | BC23: 0 | BD23: 0 | BE23: 0 | BF23: 0
A24: Дёс | B24: =SUM(C24:BF24) -> 25.2 | C24: =VLOOKUP(A24,'2024 недельный зачет'!$A:$B,2,FALSE) -> 10 | D24: ='2024 все бани'!R3 -> 9 | E24: ='2024 все бани'!R2 -> 2 | F24: ='2024 все бани'!R1 -> 4 | G24: 0 | H24: 0 | I24: 0 | J24: 0 | K24: 0 | L24: 0 | M24: 0 | N24: 0 | O24: 0 | P24: 0 | Q24: 0 | R24: 0 | S24: 0 | T24: 0 | U24: 0 | V24: 0 | W24: 0 | X24: 0 | Y24: 0 | Z24: 0 | AA24: 0 | AB24: 0 | AC24: 0 | AD24: 0 | AE24: 0 | AF24: 0 | AG24: 0 | AH24: 0 | AI24: 0 | AJ24: 0 | AK24: 0 | AL24: 0 | AM24: 0 | AN24: 0 | AO24: 0 | AP24: 0 | AQ24: 0 | AR24: 0 | AS24: 0 | AT24: 0 | AU24: 0 | AV24: 0 | AW24: 0 | AX24: 0 | AY24: 0.2 | AZ24: 0 | BA24: 0 | BB24: 0 | BC24: 0 | BD24: 0 | BE24: 0 | BF24: 0
A25: Миша П | B25: =SUM(C25:BF25) -> 23.222222 | C25: =VLOOKUP(A25,'2024 недельный зачет'!$A:$B,2,FALSE) -> 8 | D25: ='2024 все бани'!S3 -> 6 | E25: ='2024 все бани'!S2 -> 2 | F25: ='2024 все бани'!S1 -> 6 | G25: 1.2222222 | H25: 0 | I25: 0 | J25: 0 | K25: 0 | L25: 0 | M25: 0 | N25: 0 | O25: 0 | P25: 0 | Q25: 0 | R25: 0 | S25: 0 | T25: 0 | U25: 0 | V25: 0 | W25: 0 | X25: 0 | Y25: 0 | Z25: 0 | AA25: 0 | AB25: 0 | AC25: 0 | AD25: 0 | AE25: 0 | AF25: 0 | AG25: 0 | AH25: 0 | AI25: 0 | AJ25: 0 | AK25: 0 | AL25: 0 | AM25: 0 | AN25: 0 | AO25: 0 | AP25: 0 | AQ25: 0 | AR25: 0 | AS25: 0 | AT25: 0 | AU25: 0 | AV25: 0 | AW25: 0 | AX25: 0 | AY25: 0 | AZ25: 0 | BA25: 0 | BB25: 0 | BC25: 0 | BD25: 0 | BE25: 0 | BF25: 0
A26: Жанат | B26: =SUM(C26:BF26) -> 20.416667 | C26: =VLOOKUP(A26,'2024 недельный зачет'!$A:$B,2,FALSE) -> 5 | D26: =+'2024 все бани'!Y3 -> 5 | E26: =+'2024 все бани'!Y2 -> 2 | F26: =+'2024 все бани'!Y1 -> 7 | G26: 0 | H26: 0 | I26: 0 | J26: 0 | K26: 0 | L26: 0 | M26: 0 | N26: 0 | O26: 0 | P26: 0 | Q26: 0 | R26: 0 | S26: 0 | T26: 0 | U26: 0 | V26: 0 | W26: 0 | X26: 0 | Y26: 0 | Z26: 0 | AA26: 0 | AB26: 0 | AC26: 0 | AD26: 0 | AE26: 0 | AF26: 0 | AG26: 0 | AH26: 0 | AI26: 0 | AJ26: 0 | AK26: 0.5 | AL26: 0 | AM26: 0 | AN26: 0 | AO26: 0 | AP26: 0 | AQ26: 0 | AR26: 0 | AS26: 0 | AT26: 0 | AU26: 0 | AV26: 0 | AW26: 0 | AX26: 0 | AY26: 0 | AZ26: 0 | BA26: 0 | BB26: 0 | BC26: 0 | BD26: =11/12 -> 0.91666667 | BE26: 0 | BF26: 0
A27: Дор | B27: =SUM(C27:BF27) -> 18 | C27: =VLOOKUP(A27,'2024 недельный зачет'!$A:$B,2,FALSE) -> 7 | D27: ='2024 все бани'!X3 -> 5 | E27: ='2024 все бани'!X2 -> 2 | F27: ='2024 все бани'!X1 -> 4 | G27: 0 | H27: 0 | I27: 0 | J27: 0 | K27: 0 | L27: 0 | M27: 0 | N27: 0 | O27: 0 | P27: 0 | Q27: 0 | R27: 0 | S27: 0 | T27: 0 | U27: 0 | V27: 0 | W27: 0 | X27: 0 | Y27: 0 | Z27: 0 | AA27: 0 | AB27: 0 | AC27: 0 | AD27: 0 | AE27: 0 | AF27: 0 | AG27: 0 | AH27: 0 | AI27: 0 | AJ27: 0 | AK27: 0 | AL27: 0 | AM27: 0 | AN27: 0 | AO27: 0 | AP27: 0 | AQ27: 0 | AR27: 0 | AS27: 0 | AT27: 0 | AU27: 0 | AV27: 0 | AW27: 0 | AX27: 0 | AY27: 0 | AZ27: 0 | BA27: 0 | BB27: 0 | BC27: 0 | BD27: 0 | BE27: 0 | BF27: 0
A28: Пашок | B28: =SUM(C28:BF28) -> 15.482143 | C28: =VLOOKUP(A28,'2024 недельный зачет'!$A:$B,2,FALSE) -> 6 | D28: ='2024 все бани'!O3 -> 2 | E28: ='2024 все бани'!O2 -> 2 | F28: ='2024 все бани'!O1 -> 0 | G28: 0 | H28: 0 | I28: 0 | J28: 0 | K28: 0 | L28: 0 | M28: 0 | N28: 0 | O28: 0 | P28: 0 | Q28: 0 | R28: 0 | S28: 0 | T28: 0 | U28: 0 | V28: 0 | W28: 0 | X28: 0 | Y28: 0 | Z28: 0 | AA28: =17/4 -> 4.25 | AB28: 0 | AC28: 0 | AD28: 0 | AE28: 0 | AF28: 0 | AG28: 0 | AH28: 0 | AI28: 0 | AJ28: 0 | AK28: 0 | AL28: 0 | AM28: 0 | AN28: 0 | AO28: 0 | AP28: 0 | AQ28: 0 | AR28: 0 | AS28: 0 | AT28: 0 | AU28: 0 | AV28: 0 | AW28: 0 | AX28: 0 | AY28: 0 | AZ28: 0 | BA28: =6/7 -> 0.85714286 | BB28: =3/8 -> 0.375 | BC28: 0 | BD28: 0 | BE28: 0 | BF28: 0
A29: Саня С | B29: =SUM(C29:BF29) -> 12.916667 | C29: =VLOOKUP(A29,'2024 недельный зачет'!$A:$B,2,FALSE) -> 3 | D29: ='2024 все бани'!AE3 -> 3 | E29: ='2024 все бани'!AE2 -> 2 | F29: ='2024 все бани'!AE1 -> 4 | G29: 0 | H29: 0 | I29: 0 | J29: 0 | K29: 0 | L29: 0 | M29: 0 | N29: 0 | O29: 0 | P29: 0 | Q29: 0 | R29: 0 | S29: 0 | T29: 0 | U29: 0 | V29: 0 | W29: 0 | X29: 0 | Y29: 0 | Z29: 0 | AA29: 0 | AB29: 0 | AC29: 0 | AD29: 0 | AE29: 0 | AF29: 0 | AG29: 0 | AH29: 0 | AI29: 0 | AJ29: 0 | AK29: 0 | AL29: 0 | AM29: 0 | AN29: 0 | AO29: 0 | AP29: 0 | AQ29: 0 | AR29: 0 | AS29: 0 | AT29: 0 | AU29: 0 | AV29: 0 | AW29: 0 | AX29: 0 | AY29: 0 | AZ29: 0 | BA29: 0 | BB29: 0 | BC29: 0 | BD29: =11/12 -> 0.91666667 | BE29: 0 | BF29: 0
A30: Костян | B30: =SUM(C30:BF30) -> 10.916667 | C30: =VLOOKUP(A30,'2024 недельный зачет'!$A:$B,2,FALSE) -> 3 | D30: ='2024 все бани'!AC3 -> 2 | E30: ='2024 все бани'!AC2 -> 1 | F30: ='2024 все бани'!AC1 -> 4 | G30: 0 | H30: 0 | I30: 0 | J30: 0 | K30: 0 | L30: 0 | M30: 0 | N30: 0 | O30: 0 | P30: 0 | Q30: 0 | R30: 0 | S30: 0 | T30: 0 | U30: 0 | V30: 0 | W30: 0 | X30: 0 | Y30: 0 | Z30: 0 | AA30: 0 | AB30: 0 | AC30: 0 | AD30: 0 | AE30: 0 | AF30: 0 | AG30: 0 | AH30: 0 | AI30: 0 | AJ30: 0 | AK30: 0 | AL30: 0 | AM30: 0 | AN30: 0 | AO30: 0 | AP30: 0 | AQ30: 0 | AR30: 0 | AS30: 0 | AT30: 0 | AU30: 0 | AV30: 0 | AW30: 0 | AX30: 0 | AY30: 0 | AZ30: 0 | BA30: 0 | BB30: 0 | BC30: 0 | BD30: =11/12 -> 0.91666667 | BE30: 0 | BF30: 0
A31: Илюха | B31: =SUM(C31:BF31) -> 5 | C31: =VLOOKUP(A31,'2024 недельный зачет'!$A:$B,2,FALSE) -> 1 | D31: ='2024 все бани'!AD3 -> 1 | E31: ='2024 все бани'!AD2 -> 1 | F31: ='2024 все бани'!AD1 -> 2 | G31: 0 | H31: 0 | I31: 0 | J31: 0 | K31: 0 | L31: 0 | M31: 0 | N31: 0 | O31: 0 | P31: 0 | Q31: 0 | R31: 0 | S31: 0 | T31: 0 | U31: 0 | V31: 0 | W31: 0 | X31: 0 | Y31: 0 | Z31: 0 | AA31: 0 | AB31: 0 | AC31: 0 | AD31: 0 | AE31: 0 | AF31: 0 | AG31: 0 | AH31: 0 | AI31: 0 | AJ31: 0 | AK31: 0 | AL31: 0 | AM31: 0 | AN31: 0 | AO31: 0 | AP31: 0 | AQ31: 0 | AR31: 0 | AS31: 0 | AT31: 0 | AU31: 0 | AV31: 0 | AW31: 0 | AX31: 0 | AY31: 0 | AZ31: 0 | BA31: 0 | BB31: 0 | BC31: 0 | BD31: 0 | BE31: 0 | BF31: 0
A32: Вадик | B32: =SUM(C32:BF32) -> 4.9166667 | C32: =VLOOKUP(A32,'2024 недельный зачет'!$A:$B,2,FALSE) -> 1 | D32: ='2024 все бани'!AB3 -> 1 | E32: ='2024 все бани'!AB2 -> 0 | F32: ='2024 все бани'!AB1 -> 2 | G32: 0 | H32: 0 | I32: 0 | J32: 0 | K32: 0 | L32: 0 | M32: 0 | N32: 0 | O32: 0 | P32: 0 | Q32: 0 | R32: 0 | S32: 0 | T32: 0 | U32: 0 | V32: 0 | W32: 0 | X32: 0 | Y32: 0 | Z32: 0 | AA32: 0 | AB32: 0 | AC32: 0 | AD32: 0 | AE32: 0 | AF32: 0 | AG32: 0 | AH32: 0 | AI32: 0 | AJ32: 0 | AK32: 0 | AL32: 0 | AM32: 0 | AN32: 0 | AO32: 0 | AP32: 0 | AQ32: 0 | AR32: 0 | AS32: 0 | AT32: 0 | AU32: 0 | AV32: 0 | AW32: 0 | AX32: 0 | AY32: 0 | AZ32: 0 | BA32: 0 | BB32: 0 | BC32: 0 | BD32: =11/12 -> 0.91666667 | BE32: 0 | BF32: 0
A33: Саша П | B33: =SUM(C33:BF33) -> 2 | C33: =VLOOKUP(A33,'2024 недельный зачет'!$A:$B,2,FALSE) -> 1 | D33: ='2024 все бани'!AA3 -> 1 | E33: ='2024 все бани'!AA2 -> 0 | F33: ='2024 все бани'!AA1 -> 0 | G33: 0 | H33: 0 | I33: 0 | J33: 0 | K33: 0 | L33: 0 | M33: 0 | N33: 0 | O33: 0 | P33: 0 | Q33: 0 | R33: 0 | S33: 0 | T33: 0 | U33: 0 | V33: 0 | W33: 0 | X33: 0 | Y33: 0 | Z33: 0 | AA33: 0 | AB33: 0 | AC33: 0 | AD33: 0 | AE33: 0 | AF33: 0 | AG33: 0 | AH33: 0 | AI33: 0 | AJ33: 0 | AK33: 0 | AL33: 0 | AM33: 0 | AN33: 0 | AO33: 0 | AP33: 0 | AQ33: 0 | AR33: 0 | AS33: 0 | AT33: 0 | AU33: 0 | AV33: 0 | AW33: 0 | AX33: 0 | AY33: 0 | AZ33: 0 | BA33: 0 | BB33: 0 | BC33: 0 | BD33: 0 | BE33: 0 | BF33: 0
A34: Криш | B34: =SUM(C34:BF34) -> 2 | C34: =VLOOKUP(A34,'2024 недельный зачет'!$A:$B,2,FALSE) -> 1 | D34: ='2024 все бани'!T3 -> 1 | E34: ='2024 все бани'!T2 -> 0 | F34: ='2024 все бани'!T1 -> 0 | G34: 0 | H34: 0 | I34: 0 | J34: 0 | K34: 0 | L34: 0 | M34: 0 | N34: 0 | O34: 0 | P34: 0 | Q34: 0 | R34: 0 | S34: 0 | T34: 0 | U34: 0 | V34: 0 | W34: 0 | X34: 0 | Y34: 0 | Z34: 0 | AA34: 0 | AB34: 0 | AC34: 0 | AD34: 0 | AE34: 0 | AF34: 0 | AG34: 0 | AH34: 0 | AI34: 0 | AJ34: 0 | AK34: 0 | AL34: 0 | AM34: 0 | AN34: 0 | AO34: 0 | AP34: 0 | AQ34: 0 | AR34: 0 | AS34: 0 | AT34: 0 | AU34: 0 | AV34: 0 | AW34: 0 | AX34: 0 | AY34: 0 | AZ34: 0 | BA34: 0 | BB34: 0 | BC34: 0 | BD34: 0 | BE34: 0 | BF34: 0

Sheet 2025 Регламент
A1: ПОЛОЖЕНИЕ О ТРЕТЬЕМ ЧЕМПИОНАТЕ ЕБЛ 1. Чемпионат ЕБЛ — ежегодное соревнование, проводящееся Евразийской банной лигой (ЕБЛ) с целью популяризации бань, саун и apres-ban'. 2. В чемпионате принимают участие все участники группы ОУД. В чемпионате не могут принимать участие другие участники. Если участник вступает в группу ОУД в середине года, очки в зачет чемпионата ЕБЛ начинают ему начисляться с этого момента. Если участник покидает группу ОУД, очки в зачет чемпионата ЕБЛ перестают ему начисляться с этого момента. 3. Под баней понимается специализированное для термических процедур, нагретое выше 50 °C помещение, в котором участник пребывает в раздетом виде. К баням относятся как общественные (городские) бани, так и индивидуальные банные помещения, включая ночные сауны, фитнесы и аквапарки с саунами, домашние сауны и переносные (разборные) бани. 4. Очки в чемпионате ЕБЛ начисляются за поход в баню. Очки за данный поход начисляются игроку при выполнении следующих условий: 1) поход в баню длился не менее 1 часа, 2) это был первый поход в данную баню за данные сутки, 3) поход документирован постом любого из участников чемпионата в телеграм-группу в тот же день. 5. Подсчет очков проводится еженедельно. Баня попадает в неделю, если участник зашел в нее не позднее 22:59 МСК воскресенья и прислал в этот же день информацию в группу. В случае, если информация о походе в баню прислана позже указанного срока, она попадает в следующую неделю. 6. По каждому игроку каждую неделю подсчитывается количество посещенных бань. Участники ранжируются по убыванию в зависимости от общего количества посещенных бань за неделю. Участнику, занявшему первое место, начисляется 10 очков, второе место — 7 очков, третье место — 5 очков, четвертое место — 3 очка, пятое место — 2 очка, шестое место — 1 очко. Участникам, занявшим седьмое и последующее места, начисляется 0 очков. В случае, если участники поделили места, им начисляется среднее арифметическое от количества баллов за эти места с округлением до десятых. Например, если 4 участника заняли 5—8 места, им начисляются по (2 + 1 + 0 + 0)/4 = 0,8 очков. Участники, не посетившие ни одной бани, получают 0 очков. 7. В случае, если ни один из участников за неделю не посетил ни одной из бань, неделя исключается из розыгрыша. 8. Кроме того, очки начисляются за факт посещения бани. За каждое посещение бани участнику начисляется 1 очко. Очки получают в т. ч. те участники, которые получили 0 очков в розыгрыше общего количества бань. 9. В случае, если баня посещена группой, в которую входит от 3 до 5 участников ЕБЛ, каждому участнику за такое посещение дополнительно начисляется по 1 очку (категория К). Если в группе от 6 до 8 человек, каждому её участнику начисляется по 2 очка (категория КК), 9 человек и выше — по 3 очка. Посещение считается групповым, если участники были в бане в пределах календарных суток по московскому времени. 10. Дополнительно подсчитывается количество посещенных каждым участником уникальных бань. Уникальными считаются бани, размещенные в разных зданиях, а также бани, размещенные в одном здании, но считающиеся разными разрядами (каждый разряд снабжен отдельным входом по отдельному билету). Банные помещения одного аквапарка/фитнеса считаются одной баней (одним разрядом). За каждую уникальную (в пределах 2025 года) посещенную баню участник получает еще 1 очко (т. е. суммарно за посещение такой бани в первый раз участник получает 2 очка). 11. Также очки начисляются за посещение ультрауникальных бань — тех, в которых ни один из участников ЕБЛ ранее не был в 2023—2025 гг. За ультрауникальную баню каждый из участников, посетивших ее группой впервые (в пределах одного дня) в ЕБЛ, получает еще одно очко. За такое посещение бани участник суммарно получит 3 очка (не считая коллективных начислений). 12. Участник получает +1 очко в случае, если документально подтверждает свое пребывание в бане длительностью более 150 минут. Документальными свидетельствами являются фотографии участника, банного интерьера и экстерьера, снабженные выполненными вручную или автоматически (с помощью средств социальной сети) отметками о времени входа и выхода. Бани без двойной отметки воспринимаются как посещенные на 1 час, за них начисляется только 1 очко. При групповом посещении бани каждый участник должен самостоятельно озаботиться документированием своего посещения. 13. Очки каждого участника за все недели в течение года складываются. 14. Победителем чемпионата объявляется участник, набравший максимальное количество очков в течение года. В случае равенства этого показателя победитель выявляется по дополнительному показателю — количеству посещенных в течение года бань. 15. Чемпионат длится с 1 января 2025 года по 31 декабря 2025 года. Недели 1-5 января и 29-31 декабря дает баллы за места наравне с остальными неделями. 16. Все спорные ситуации разбираются на комиссии чемпионата ЕБЛ, проводящейся периодически в Василёвских банях. О дате проведения очередной комиссии участники чемпионата ЕБЛ извещаются по телеграм-каналу ОУД. 17. Турнирную таблицу ведет участник, уполномоченный комиссией чемпионата ЕБЛ.

Sheet 2024 недельный зачет
B1: =SUM(B3:B190) -> 1463 | C1: =SUM(C3:C100) -> 4 | D1: =SUM(D3:D100) -> 30 | E1: =SUM(E3:E100) -> 27 | F1: =SUM(F3:F100) -> 34 | G1: =SUM(G3:G100) -> 83 | H1: =SUM(H3:H100) -> 52 | I1: =SUM(I3:I100) -> 28 | J1: =SUM(J3:J100) -> 36 | ... BC1: =SUM(BC3:BC100) -> 34
B2: Всего | C2: W53 | D2: W52 | E2: W51 | F2: W50 | G2: W49 | H2: W48 | I2: W47 | J2: W46 | K2: W45 | L2: W44 | M2: W43 | N2: W42 | O2: W41 | P2: W40 | Q2: W39 | R2: W38 | S2: W37 | T2: W36 | U2: W35 | V2: W34 | W2: W33 | X2: W32 | Y2: W31 | Z2: W30 | AA2: W29 | AB2: W28 | AC2: W27 | AD2: W26 | AE2: W25 | AF2: W24 | AG2: W23 | AH2: W22 | AI2: W21 | AJ2: W20 | AK2: W19 | AL2: W18 | AM2: W17 | AN2: W16 | AO2: W15 | AP2: W14 | AQ2: W13 | AR2: W12 | AS2: W11 | AT2: W10 | AU2: W9 | AV2: W8 | AW2: W7 | AX2: W6 | AY2: W5 | AZ2: W4 | BA2: W3 | BB2: W2 | BC2: W1
A3: Диман | B3: =SUM(C3:BC3) -> 156 | C3: 1 | D3: 2 | E3: 8 | F3: 8 | G3: 9 | H3: 4 | I3: 2 | J3: 5 | K3: 4 | L3: 2 | M3: 1 | N3: 6 | O3: 3 | P3: 2 | Q3: 5 | R3: 6 | S3: 4 | T3: 1 | U3: 4 | V3: 2 | W3: 3 | X3: 3 | Y3: 2 | Z3: 2 | AA3: 4 | AB3: 3 | AC3: 1 | AD3: 0 | AE3: 3 | AF3: 5 | AG3: 1 | AH3: 2 | AI3: 2 | AJ3: 3 | AK3: 4 | AL3: 3 | AM3: 3 | AN3: 3 | AO3: 2 | AP3: 3 | AQ3: 3 | AR3: 3 | AS3: 1 | AT3: 4 | AU3: 0 | AV3: 2 | AW3: 3 | AX3: 1 | AY3: 2 | AZ3: 3 | BA3: 0 | BB3: 2 | BC3: 1
A4: Ден | B4: =SUM(C4:BC4) -> 136 | C4: 0 | D4: 0 | E4: 2 | F4: 2 | G4: 10 | H4: 4 | I4: 2 | J4: 2 | K4: 3 | L4: 3 | M4: 3 | N4: 4 | O4: 4 | P4: 3 | Q4: 4 | R4: 1 | S4: 5 | T4: 1 | U4: 2 | V4: 3 | W4: 3 | X4: 0 | Y4: 6 | Z4: 2 | AA4: 3 | AB4: 1 | AC4: 3 | AD4: 2 | AE4: 4 | AF4: 1 | AG4: 4 | AH4: 1 | AI4: 3 | AJ4: 1 | AK4: 2 | AL4: 2 | AM4: 2 | AN4: 1 | AO4: 2 | AP4: 3 | AQ4: 3 | AR4: 3 | AS4: 2 | AT4: 3 | AU4: 4 | AV4: 0 | AW4: 0 | AX4: 3 | AY4: 2 | AZ4: 2 | BA4: 2 | BB4: 5 | BC4: 3
A5: Шурик | B5: =SUM(C5:BC5) -> 129 | C5: 1 | D5: 5 | E5: 3 | F5: 7 | G5: 9 | H5: 5 | I5: 1 | J5: 2 | K5: 2 | L5: 2 | M5: 2 | N5: 3 | O5: 3 | P5: 3 | Q5: 1 | R5: 6 | S5: 1 | T5: 4 | U5: 4 | V5: 4 | W5: 1 | X5: 2 | Y5: 6 | Z5: 1 | AA5: 1 | AB5: 1 | AC5: 1 | AD5: 2 | AE5: 1 | AF5: 1 | AG5: 3 | AH5: 0 | AI5: 1 | AJ5: 6 | AK5: 6 | AL5: 3 | AM5: 4 | AN5: 7 | AO5: 1 | AP5: 1 | AQ5: 0 | AR5: 0 | AS5: 0 | AT5: 0 | AU5: 0 | AV5: 1 | AW5: 0 | AX5: 0 | AY5: 0 | AZ5: 0 | BA5: 1 | BB5: 3 | BC5: 7
A6: Леха | B6: =SUM(C6:BC6) -> 114 | C6: 1 | D6: 2 | E6: 2 | F6: 2 | G6: 6 | H6: 6 | I6: 2 | J6: 4 | K6: 1 | L6: 1 | M6: 0 | N6: 5 | O6: 2 | P6: 0 | Q6: 2 | R6: 6 | S6: 1 | T6: 2 | U6: 1 | V6: 4 | W6: 3 | X6: 1 | Y6: 1 | Z6: 3 | AA6: 1 | AB6: 1 | AC6: 3 | AD6: 0 | AE6: 0 | AF6: 0 | AG6: 4 | AH6: 3 | AI6: 7 | AJ6: 3 | AK6: 1 | AL6: 4 | AM6: 1 | AN6: 2 | AO6: 2 | AP6: 0 | AQ6: 0 | AR6: 3 | AS6: 1 | AT6: 1 | AU6: 2 | AV6: 2 | AW6: 2 | AX6: 1 | AY6: 1 | AZ6: 0 | BA6: 1 | BB6: 3 | BC6: 7
A7: Даня | B7: =SUM(C7:BC7) -> 110 | C7: 0 | D7: 3 | E7: 1 | F7: 1 | G7: 1 | H7: 3 | I7: 2 | J7: 2 | K7: 2 | L7: 3 | M7: 2 | N7: 3 | O7: 4 | P7: 2 | Q7: 1 | R7: 2 | S7: 1 | T7: 1 | U7: 0 | V7: 1 | W7: 1 | X7: 0 | Y7: 2 | Z7: 2 | AA7: 1 | AB7: 1 | AC7: 2 | AD7: 3 | AE7: 3 | AF7: 2 | AG7: 2 | AH7: 4 | AI7: 4 | AJ7: 3 | AK7: 2 | AL7: 4 | AM7: 1 | AN7: 1 | AO7: 2 | AP7: 2 | AQ7: 2 | AR7: 3 | AS7: 2 | AT7: 2 | AU7: 3 | AV7: 2 | AW7: 4 | AX7: 1 | AY7: 1 | AZ7: 4 | BA7: 3 | BB7: 3 | BC7: 3
A8: Ахмед | B8: =SUM(C8:BC8) -> 88 | C8: 0 | D8: 1 | E8: 0 | F8: 2 | G8: 1 | H8: 2 | I8: 0 | J8: 1 | K8: 1 | L8: 2 | M8: 2 | N8: 2 | O8: 1 | P8: 0 | Q8: 0 | R8: 2 | S8: 3 | T8: 3 | U8: 1 | V8: 3 | W8: 5 | X8: 3 | Y8: 5 | Z8: 2 | AA8: 2 | AB8: 2 | AC8: 0 | AD8: 1 | AE8: 2 | AF8: 4 | AG8: 2 | AH8: 1 | AI8: 2 | AJ8: 1 | AK8: 4 | AL8: 1 | AM8: 2 | AN8: 2 | AO8: 3 | AP8: 2 | AQ8: 1 | AR8: 2 | AS8: 0 | AT8: 2 | AU8: 1 | AV8: 2 | AW8: 2 | AX8: 3 | AY8: 2 | AZ8: 0 | BA8: 0 | BB8: 0 | BC8: 0
A9: Фил | B9: =SUM(C9:BC9) -> 83 | C9: 0 | D9: 2 | E9: 0 | F9: 2 | G9: 4 | H9: 1 | I9: 3 | J9: 0 | K9: 0 | L9: 2 | M9: 0 | N9: 5 | O9: 1 | P9: 3 | Q9: 4 | R9: 0 | S9: 1 | T9: 0 | U9: 1 | V9: 1 | W9: 6 | X9: 2 | Y9: 4 | Z9: 0 | AA9: 0 | AB9: 1 | AC9: 0 | AD9: 1 | AE9: 1 | AF9: 1 | AG9: 1 | AH9: 3 | AI9: 2 | AJ9: 0 | AK9: 1 | AL9: 0 | AM9: 2 | AN9: 1 | AO9: 1 | AP9: 0 | AQ9: 3 | AR9: 5 | AS9: 0 | AT9: 4 | AU9: 0 | AV9: 3 | AW9: 3 | AX9: 1 | AY9: 3 | AZ9: 1 | BA9: 1 | BB9: 1 | BC9: 1
A10: Витёк | B10: =SUM(C10:BC10) -> 75 | C10: 0 | D10: 2 | E10: 1 | F10: 2 | G10: 2 | H10: 1 | I10: 1 | J10: 1 | K10: 1 | L10: 1 | M10: 1 | N10: 3 | O10: 1 | P10: 1 | Q10: 2 | R10: 1 | S10: 2 | T10: 3 | U10: 0 | V10: 0 | W10: 1 | X10: 2 | Y10: 3 | Z10: 2 | AA10: 0 | AB10: 2 | AC10: 2 | AD10: 0 | AE10: 2 | AF10: 0 | AG10: 2 | AH10: 0 | AI10: 5 | AJ10: 2 | AK10: 2 | AL10: 2 | AM10: 1 | AN10: 0 | AO10: 3 | AP10: 1 | AQ10: 1 | AR10: 5 | AS10: 0 | AT10: 3 | AU10: 2 | AV10: 0 | AW10: 2 | AX10: 0 | AY10: 1 | AZ10: 1 | BA10: 0 | BB10: 1 | BC10: 1
A11: Женёк В | B11: =SUM(C11:BC11) -> 72 | C11: 0 | D11: 2 | E11: 1 | F11: 1 | G11: 12 | H11: 2 | I11: 2 | J11: 1 | K11: 2 | L11: 0 | M11: 4 | N11: 1 | O11: 3 | P11: 1 | Q11: 3 | R11: 0 | S11: 1 | T11: 0 | U11: 3 | V11: 1 | W11: 2 | X11: 3 | Y11: 3 | Z11: 2 | AA11: 0 | AB11: 1 | AC11: 1 | AD11: 1 | AE11: 0 | AF11: 0 | AG11: 0 | AH11: 0 | AI11: 0 | AJ11: 0 | AK11: 0 | AL11: 2 | AM11: 2 | AN11: 0 | AO11: 0 | AP11: 0 | AQ11: 0 | AR11: 0 | AS11: 1 | AT11: 0 | AU11: 2 | AV11: 1 | AW11: 0 | AX11: 2 | AY11: 1 | AZ11: 1 | BA11: 1 | BB11: 2 | BC11: 4
A12: Махмуд | B12: =SUM(C12:BC12) -> 68 | C12: 0 | D12: 1 | E12: 0 | F12: 0 | G12: 3 | H12: 3 | I12: 2 | J12: 1 | K12: 0 | L12: 2 | M12: 0 | N12: 1 | O12: 0 | P12: 2 | Q12: 1 | R12: 7 | S12: 1 | T12: 1 | U12: 0 | V12: 1 | W12: 6 | X12: 4 | Y12: 1 | Z12: 0 | AA12: 4 | AB12: 3 | AC12: 1 | AD12: 1 | AE12: 0 | AF12: 1 | AG12: 1 | AH12: 0 | AI12: 1 | AJ12: 1 | AK12: 0 | AL12: 1 | AM12: 0 | AN12: 1 | AO12: 0 | AP12: 2 | AQ12: 5 | AR12: 2 | AS12: 0 | AT12: 1 | AU12: 0 | AV12: 1 | AW12: 1 | AX12: 0 | AY12: 1 | AZ12: 1 | BA12: 0 | BB12: 1 | BC12: 1
A13: Хвост | B13: =SUM(C13:BC13) -> 63 | C13: 0 | D13: 2 | E13: 7 | F13: 3 | G13: 13 | H13: 4 | I13: 2 | J13: 4 | K13: 1 | L13: 5 | M13: 1 | N13: 4 | O13: 2 | P13: 1 | Q13: 1 | R13: 2 | S13: 1 | T13: 1 | U13: 0 | V13: 1 | W13: 1 | X13: 1 | Y13: 0 | Z13: 0 | AA13: 1 | AB13: 1 | AC13: 0 | AD13: 0 | AE13: 0 | AF13: 2 | AG13: 1 | AH13: 0 | AI13: 0 | AJ13: 1 | AK13: 0 | AL13: 0 | AM13: 0 | AN13: 0 | AO13: 0 | AP13: 0 | AQ13: 0 | AR13: 0 | AS13: 0 | AT13: 0 | AU13: 0 | AV13: 0 | AW13: 0 | AX13: 0 | AY13: 0 | AZ13: 0 | BA13: 0 | BB13: 0 | BC13: 0
A14: Денис | B14: =SUM(C14:BC14) -> 53 | C14: 1 | D14: 2 | E14: 1 | F14: 2 | G14: 4 | H14: 6 | I14: 2 | J14: 4 | K14: 5 | L14: 3 | M14: 1 | N14: 2 | O14: 2 | P14: 2 | Q14: 2 | R14: 2 | S14: 2 | T14: 2 | U14: 2 | V14: 1 | W14: 1 | X14: 1 | Y14: 1 | Z14: 0 | AA14: 0 | AB14: 0 | AC14: 0 | AD14: 0 | AE14: 0 | AF14: 0 | AG14: 0 | AH14: 0 | AI14: 0 | AJ14: 1 | AK14: 0 | AL14: 0 | AM14: 1 | AN14: 0 | AO14: 0 | AP14: 0 | AQ14: 0 | AR14: 0 | AS14: 0 | AT14: 0 | AU14: 0 | AV14: 0 | AW14: 0 | AX14: 0 | AY14: 0 | AZ14: 0 | BA14: 0 | BB14: 0 | BC14: 0
... A35: Илюха | B35: =SUM(C35:BC35) -> 1 | C35: 0 | D35: 0 | E35: 0 | F35: 0 | G35: 0 | H35: 0 | I35: 0 | J35: 0 | K35: 0 | L35: 1 | M35: 0 | N35: 0 | O35: 0 | P35: 0 | Q35: 0 | R35: 0 | S35: 0 | T35: 0 | U35: 0 | V35: 0 | W35: 0 | X35: 0 | Y35: 0 | Z35: 0 | AA35: 0 | AB35: 0 | AC35: 0 | AD35: 0 | AE35: 0 | AF35: 0 | AG35: 0 | AH35: 0 | AI35: 0 | AJ35: 0 | AK35: 0 | AL35: 0 | AM35: 0 | AN35: 0 | AO35: 0 | AP35: 0 | AQ35: 0 | AR35: 0 | AS35: 0 | AT35: 0 | AU35: 0 | AV35: 0 | AW35: 0 | AX35: 0 | AY35: 0 | AZ35: 0 | BA35: 0 | BB35: 0 | BC35: 0

Sheet 2024 все бани
B1: Компания | C1: 49 | D1: 33 | E1: 43 | F1: 37 | G1: 14 | H1: 46 | I1: 19 | J1: 16 | K1: 20 | L1: 47 | M1: 1 | N1: 5 | O1: 0 | P1: 0 | Q1: 12 | R1: 4 | S1: 6 | T1: 0 | U1: 11 | V1: 10 | W1: 1 | X1: 4 | Y1: 7 | Z1: 21 | AA1: 0 | AB1: 2 | AC1: 4 | AD1: 2 | AE1: 4 | AF1: 13 | AG1: 13 | AH1: 19 | AI1: 8
B2: Ультра Уникальные | C2: 32 | D2: 12 | E2: 41 | F2: 79 | G2: 36 | H2: 42 | I2: 14 | J2: 6 | K2: 22 | L2: 47 | M2: 11 | N2: 3 | O2: 2 | P2: 1 | Q2: 7 | R2: 2 | S2: 2 | T2: 0 | U2: 6 | V2: 5 | W2: 4 | X2: 2 | Y2: 2 | Z2: 11 | AA2: 0 | AB2: 0 | AC2: 1 | AD2: 1 | AE2: 2 | AF2: 5 | AG2: 8 | AH2: 24 | AI2: 2
B3: Уникальные | C3: =COUNT(C5:C4302) -> 56 | D3: =COUNT(D5:D4302) -> 43 | E3: =COUNT(E5:E4302) -> 68 | F3: =COUNT(F5:F4302) -> 114 | G3: =COUNT(G5:G4302) -> 53 | H3: =COUNT(H5:H4302) -> 67 | I3: =COUNT(I5:I4302) -> 36 | J3: =COUNT(J5:J4302) -> 15 | ... AI3: =COUNT(AI5:AI4302) -> 5
A4: Тип | B4: =SUM(C5:AI1302) -> 1463 | C4: Фил | D4: Ден | E4: Леха | F4: Шурик | G4: Женёк В | H4: Витёк | I4: Махмуд | J4: Даня | K4: Ахмед | L4: Диман | M4: Толмач | N4: Alex B | O4: Пашок | P4: Серёга | Q4: Виталик | R4: Дёс | S4: Миша П | T4: Криш | U4: Женёк З | V4: Симба | W4: Данюс | X4: Дор | Y4: Жанат | Z4: Арс | AA4: Саша П | AB4: Вадик | AC4: Костян | AD4: Илюха | AE4: Саня С | AF4: Денис | AG4: Король | AH4: Хвост | AI4: Чен
B5: Абзаково, Эдельвейс | R5: 1
B6: Абу-Даби, vogo hotel | C6: 2
B7: Абу-Даби, Риксос Марина | N7: 1
B8: Австрия, weberstube | K8: 1
B9: Австрия, Römertherme Baden | F9: 1
A10: Хуитнес/аквапарк/спа | B10: Австрия, 1р аква дом
A11: Хуитнес/аквапарк/спа | B11: Австрия, 2р аква дом
B12: Австрия, Таурен Спа | F12: 1 | K12: 2
A13: Хуитнес/аквапарк/спа | B13: Азия спа, Белорусская
A14: Хуитнес/аквапарк/спа | B14: Азия спа, Киевская
B15: Азия спа, Полянка | K15: 1
A16: Хуитнес/аквапарк/спа | B16: Азия спа, Сити
A17: Хуитнес/аквапарк/спа | B17: Аквазона Зил | C17: 1 | E17: 6 | X17: 1
A18: Хуитнес/аквапарк/спа | B18: Аквапарк Карибиа | E18: 1 | H18: 1 | L18: 1
A19: Хуитнес/аквапарк/спа | B19: Аквапарк Ква-ква
A20: Хуитнес/аквапарк/спа | B20: Аквапарк Мореон | H20: 1
B21: Аквапарк Фэнтези Марьино | H21: 1
A22: Хуитнес/аквапарк/спа | B22: Аквапарк Юна
B23: Алексин, на Поленова | H23: 1
B24: Алексин, на Северной | H24: 1
B25: Алматы, 2200 походная | E25: 1
B26: Алматы, Арасан | E26: 1 | Z26: 1
A27: Хуитнес/аквапарк/спа | B27: Алматы, Хаят Рахат
B28: Алматы, Dedemans | E28: 1
A29: Частная | B29: Алтай, 4 богатыря
A30: Хуитнес/аквапарк/спа | B30: Алтай, Беловодье
A31: Хуитнес/аквапарк/спа | B31: Алтай, Благодать
A32: Частная | B32: Алтай, Зеленые холмы
A33: Частная | B33: Алтай, Инегень
A34: Частная | B34: Алтай, Мульты
A35: Хуитнес/аквапарк/спа | B35: Алтай, Рублевка
A36: Частная | B36: Алтай, Сандуны
B37: Амстер, Hima spa | M37: 1
B38: Амстер, хуитнес | M38: 13
B39: Амстер, Fort Beemster | M39: 2
A40: Хуитнес/аквапарк/спа | B40: Амстер, Kuuma 1
B41: Амстер, Kuuma 2 | M41: 1
B42: Аничково, Петровские | H42: 1
A43: Общественная | B43: Апрелевская
A44: Общественная | B44: Астраханские | D44: 1 | F44: 1 | H44: 1 | L44: 1 | Z44: 2
A45: Общественная | B45: Астрахань, Вертикаль
B46: Астрахань, Столяровская | H46: 1
A47: Общественная | B47: Астрахань, Царевская
A48: Общественная | B48: Бабушкинские | D48: 1
A49: Частная | B49: Баенник, Горки10
B50: Балашиха, Артиленд Карельская | AG50: 1
A51: Частная | B51: Банная слобода
B52: Банная усадьба, Октябрьское поле Шале | D52: 1 | J52: 1 | AE52: 1
B53: Банный двор, Лобненская | K53: 2 | Q53: 2 | AI53: 1
B54: Барнаул, баня 24 | F54: 1
B55: Барнаул, баня 36 | F55: 1
B56: Барнаул, Гоньбинские | F56: 1
B57: Барнаул, Гущинские | F57: 1
A58: Общественная | B58: Барнаул, Павловские
B59: Барнаул, Центральные бани | F59: 1
B60: Белград, Atera business suite | U60: 2
B61: Бердск, на Веге | F61: 1
A62: Общественная | B62: Бердские
A63: Хуитнес/аквапарк/спа | B63: Берлин, Babor
A64: Хуитнес/аквапарк/спа | B64: Берлин, Liquidrom
A65: Хуитнес/аквапарк/спа | B65: Берлин, Park Inn
A66: Хуитнес/аквапарк/спа | B66: Бишкек, Каусар
B67: Благовещенск, баня 3 | F67: 1
B68: Благовещенск, баня 6 | F68: 1
B69: Блядильня Виталита на Таганке | L69: 1 | AH69: 1
B70: Блядильня Матвеевские бани | C70: 1 | L70: 1 | AH70: 1
A71: Хуитнес/аквапарк/спа | B71: Блядильня Шоколад
B72: Боливия, Palacio de Sal | K72: 1
B73: Блядильня Bon спа | X73: 1
A74: Частная | B74: Бочка во Внуково
B75: Будапешт, Сечени | U75: 1
B76: Варшавские, высший | C76: 1 | D76: 1 | E76: 1 | F76: 1 | H76: 1 | K76: 1 | L76: 1 | Z76: 1 | AH76: 1
A77: Общественная | B77: Варшавские, мужской | C77: 1 | G77: 1 | I77: 1 | L77: 1 | U77: 1 | Z77: 1 | AH77: 1
A78: Частная | B78: Варшавские, Охота
A79: Частная | B79: Василевские | C79: 2 | E79: 34 | F79: 3 | G79: 2 | H79: 3 | I79: 3 | J79: 1 | V79: 2 | Y79: 1
A80: Хуитнес/аквапарк/спа | B80: Вена, Паппенхайм2
A81: Хуитнес/аквапарк/спа | B81: Вена, Dublinger
A82: Общественная | B82: Вешняковские
A83: Частная | B83: Видновская усадьба
A84: Общественная | B84: Видновские городские
B85: Вильнюс, Виши аквапарк | P85: 1
B86: Владимир, Красносельские | H86: 1
B87: Владимир, Красносельский пр. 6а | H87: 1
A88: Хуитнес/аквапарк/спа | B88: Владимир, Отель Велес
B89: Владимир, спа Князь Владимир | H89: 1
A90: Общественная | B90: Внуковские | C90: 1 | I90: 2
B91: Волгоград, Мыльни Володимира 1 этаж | E91: 1 | H91: 2
B92: Волгоград, Сурские высший | E92: 1 | H92: 1
B93: Волгоград, Andreeff club | H93: 1
B94: Воронеж, Петровские | K94: 1
A95: Общественная | B95: Воронцовские 1р | C95: 1 | D95: 3 | E95: 1 | F95: 1 | H95: 1 | I95: 1 | K95: 3 | L95: 1 | Q95: 1 | S95: 1 | Z95: 1 | AG95: 1 | AH95: 2
A96: Общественная | B96: Воронцовские вр | D96: 1 | E96: 1 | H96: 1 | L96: 1 | Z96: 1 | AH96: 1
A97: Общественная | B97: Востряковские | I97: 18 | L97: 3
B98: Высоковск, Городская 2.0 | C98: 1 | L98: 1
B99: Вышний Волочек, баня 1 | C99: 1
B100: Вышний Волочек, на Цне | D100: 1
...

Sheet 2024 Кубок
A1: 1/8 финала | C1: Посев 1/4 | E1: 1/4 финала | G1: 1/2 финала | I1: Финал
A2: Диман 7 (3у, 4) | C2: Шурик 13 (4у, 5) | E2: Шурик 28 (9у, 9) | G2: Хвост 10 (3у, 3) | I2: Диман 20
A3: Король 2 | C3: Леха 13 (3у, 6) | E3: Арс 2 | G3: Леха 8 (2у, 2) | I3: Хвост 16
C4: Хвост 8
A5: Шурик 13 (4у, 5) | C5: Диман 7 (3у, 4) | E5: Леха 18 (6у, 6) | G5: Шурик 22 (7у, 7)
A6: Alex B 3 | C6: Ден 7 (1у, 4) | E6: Махмуд 9 (3у, 3) | G6: Диман 22 (7у, 8)
C7: Женёк В 5 (2у, 2)
A8: Ден 7 (1у, 4) | C8: Махмуд 5 (1у, 2) | E8: Хвост 37 (11у, 13)
A9: Толмач | C9: Арс 5 (1у, 2) | E9: Женёк В 35 (12у, 12)
A11: Леха 13 (4у, 6) | E11: Диман 28 (8у, 9)
A12: Денис 11 | E12: Ден 18 (7у, 10)
A14: Фил 1
A15: Арс 5 (1у, 2)
A17: Даня 3
A18: Хвост 8
A20: Витёк 2
A21: Женёк В 5 (2у, 2)
A23: Ахмед 4
A24: Махмуд 5 (1у, 2)

Sheet 2024 Регламент
A1: ПОЛОЖЕНИЕ О ВТОРОМ ЧЕМПИОНАТЕ ЕБЛ 1. Чемпионат ЕБЛ — ежегодное соревнование, проводящееся Евразийской банной лигой (ЕБЛ) с целью популяризации бань, саун и apres-ban'. 2. В чемпионате принимают участие все участники группы ОУД. В чемпионате не могут принимать участие другие участники. Если участник вступает в группу ОУД в середине года, очки в зачет чемпионата ЕБЛ начинают ему начисляться с этого момента. Если участник покидает группу ОУД, очки в зачет чемпионата ЕБЛ перестают ему начисляться с этого момента. 3. Под баней понимается специализированное для термических процедур, нагретое выше 50 °C помещение, в котором участник пребывает в раздетом виде. К баням относятся как общественные (городские) бани, так и индивидуальные банные помещения, включая ночные сауны, фитнесы и аквапарки с саунами, домашние сауны и переносные (разборные) бани. 4. Очки в чемпионате ЕБЛ начисляются за поход в баню. Очки за данный поход начисляются игроку при выполнении следующих условий: 1) поход в баню длился не менее 1 часа, 2) это был первый поход в данную баню за данные сутки, 3) поход документирован постом любого из участников чемпионата в телеграм-группу в тот же день. 5. Подсчет очков проводится еженедельно. Баня попадает в неделю, если участник зашел в нее не позднее 23:59 МСК воскресенья и прислал в этот же день информацию в группу. 6. По каждому игроку каждую неделю подсчитывается количество посещенных бань. Участники ранжируются по убыванию в зависимости от общего количества посещенных бань за неделю. Участнику, занявшему первое место, начисляется 10 очков, второе место — 7 очков, третье место — 5 очков, четвертое место — 3 очка, пятое место — 2 очка, шестое место — 1 очко. Участникам, занявшим седьмое и последующее места, начисляется 0 очков. В случае, если участники поделили места, им начисляется среднее арифметическое от количества баллов за эти места с округлением до десятых. Например, если 4 участника заняли 5—8 места, им начисляются по (2 + 1 + 0 + 0)/4 = 0,8 очков. Участники, не посетившие ни одной бани, получают 0 очков. 7. В случае, если ни один из участников за неделю не посетил ни одной из бань, неделя исключается из розыгрыша. 8. Кроме того, очки начисляются за факт посещения бани. За каждое посещение бани участнику начисляется 1 очко. Очки получают в т. ч. те участники, которые получили 0 очков в розыгрыше общего количества бань. 9. В случае, если баня посещена группой, в которую входит 3 и более участников ЕБЛ, каждому участнику за такое посещение дополнительно начисляется по 1 очку. 10. Дополнительно подсчитывается количество посещенных каждым участником уникальных бань. Уникальными считаются бани, размещенные в разных зданиях, а также бани, размещенные в одном здании, но считающиеся разными разрядами (каждый разряд снабжен отдельным входом по отдельному билету). За каждую уникальную (в пределах 2024 года) посещенную баню участник получает еще 1 очко (т. е. суммарно за посещение такой бани в первый раз участник получает 2 очка). 11. Также очки начисляются за посещение ультрауникальных бань — тех, в которых ни один из участников ЕБЛ ранее не был в 2023—2024 гг. За ультрауникальную баню каждый из участников, посетивших ее группой впервые (в пределах одного дня) в ЕБЛ, получает еще одно очко. За такое посещение бани участник суммарно получит 3 очка. 12. Очки каждого участника за все недели в течение года складываются. 13. Победителем чемпионата объявляется участник, набравший максимальное количество очков в течение года. В случае равенства этого показателя победитель выявляется по дополнительному показателю — количеству посещенных в течение года бань. 14. Чемпионат длится с 1 января 2024 года по 31 декабря 2024 года. Неделя 30-31 декабря баллов за места не дает, очки за нее добавляются только по посещениям бань. 15. Все спорные ситуации разбираются на комиссии чемпионата ЕБЛ, проводящейся периодически в Василёвских банях. О дате проведения очередной комиссии участники чемпионата ЕБЛ извещаются по телеграм-каналу ОУД. 16. Турнирную таблицу ведет участник, уполномоченный комиссией чемпионата ЕБЛ 17. Награждение и простава победителей осуществляется на комиссии чемпионата ЕБЛ. 18. Распределение участников по местам с 24 на 25 ноября

Sheet 2023 общий зачет
A1: Участник | B1: Итого | C1: за уникальные | D1: W52 | E1: W51 | F1: W50 | G1: W49 | H1: W48 | I1: W47 | J1: W46 | K1: W45 | L1: W44 | M1: W43 | N1: W42 | O1: W41 | P1: W40 | Q1: W39 | R1: W38 | S1: W37 | T1: W36 | U1: W35 | V1: W34 | W1: W33 | X1: W32 | Y1: W31 | Z1: W30 | AA1: W29 | AB1: W28 | AC1: W27 | AD1: W26 | AE1: W25 | AF1: W24 | AG1: W23 | AH1: W22 | AI1: W21 | AJ1: W20 | AK1: W19 | AL1: W18 | AM1: W17 | AN1: W16 | AO1: W15 | AP1: W14 | AQ1: W13 | AR1: W12 | AS1: W11 | AT1: W10 | AU1: W9 | AV1: W8 | AW1: W7 | AX1: W6 | AY1: W5 | AZ1: W4 | BA1: W3 | BB1: W2 | BC1: W1
A2: Фил | B2: =SUM(C2:BC2) -> 439.26111 | C2: ='2023 все бани'!G1*2 -> 220 | D2: 7 | E2: 5 | F2: 0 | G2: 0 | H2: 7 | I2: 0 | J2: 10 | K2: 5 | L2: 6 | M2: 0 | N2: 7 | O2: 0 | P2: =1/9 -> 0.11111111 | Q2: 0 | R2: 2.75 | S2: 5 | T2: 3.3333333 | U2: 6 | V2: 10 | W2: 3 | X2: 0 | Y2: 2 | Z2: 1 | AA2: 7.3333333 | AB2: =10/3 -> 3.3333333 | AC2: 5 | AD2: 8.5 | AE2: 0 | AF2: 3 | AG2: 5 | AH2: 7 | AI2: 10 | AJ2: 10 | AK2: 2.5 | AL2: =10/3 -> 3.3333333 | AM2: 7 | AN2: =(10+5+7)/3 -> 7.3333333 | AO2: 8.5 | AP2: 2.5 | AQ2: 4 | AR2: 0 | AS2: 5 | AT2: =(5+3+2)/3 -> 3.3333333 | AU2: =(7+5+3)/3 -> 5 | AV2: =(7+5+3)/3 -> 5 | AW2: 0 | AX2: =(2+1)/3 -> 1 | AY2: =(10+7+5+3+2)/5 -> 5.4 | AZ2: 10 | BA2: =(7+5+3)/3 -> 5 | BB2: 5 | BC2: 0
A3: Ден | B3: =SUM(C3:BC3) -> 437.65 | C3: ='2023 все бани'!F1*2 -> 176 | D3: 10 | E3: 2.5 | F3: 1.5 | G3: 5 | H3: 0.75 | I3: =(10+7+5)/3 -> 7.3333333 | J3: =17/4 -> 4.25 | K3: 3 | L3: 0 | M3: 7 | N3: 0 | O3: 4 | P3: 8.5 | Q3: =10/3 -> 3.3333333 | R3: 2.75 | S3: 7 | T3: 0 | U3: 1 | V3: 0 | W3: 3 | X3: 2 | Y3: 6 | Z3: 5 | AA3: 3 | AB3: 7 | AC3: 0.5 | AD3: =10/3 -> 3.3333333 | AE3: 10 | AF3: 5 | AG3: 8.5 | AH3: =10/3 -> 3.3333333 | AI3: 6 | AJ3: 7 | AK3: 6 | AL3: =10/3 -> 3.3333333 | AM3: 10 | AN3: =(10+5+7)/3 -> 7.3333333 | AO3: 4 | AP3: 2.5 | AQ3: =(10+7)/2 -> 8.5 | AR3: 10 | AS3: 5 | AT3: 7 | AU3: 10 | AV3: =(7+5+3)/3 -> 5 | AW3: =(10+7)/2 -> 8.5 | AX3: =(10+7)/2 -> 8.5 | AY3: =(10+7+5+3+2)/5 -> 5.4 | AZ3: =(5+3)/2 -> 4 | BA3: =(7+5+3)/3 -> 5 | BB3: 7 | BC3: 7
A4: Леха | B4: =SUM(C4:BC4) -> 397.53333 | C4: ='2023 все бани'!D1*2 -> 200 | D4: 3 | E4: 0.33333333 | F4: 0 | G4: 2.5 | H4: 0.75 | I4: 0.5 | J4: 0 | K4: 7 | L4: 6 | M4: =11/4 -> 2.75 | N4: 1.5 | O4: 1 | P4: =10/3 -> 3.3333333 | Q4: =10/3 -> 3.3333333 | R4: 0 | S4: 1.5 | T4: 0.33333333 | U4: 0 | V4: 0 | W4: 3 | X4: 0 | Y4: 2 | Z4: 5 | AA4: 7.3333333 | AB4: =10/3 -> 3.3333333 | AC4: 10 | AD4: 8.5 | AE4: 5 | AF4: 0 | AG4: 8.5 | AH4: 10 | AI4: 0 | AJ4: 0 | AK4: 10 | AL4: 10 | AM4: =11/4 -> 2.75 | AN4: 0.2 | AO4: 1 | AP4: 10 | AQ4: =(2+1)/5 -> 0.6 | AR4: =(7+5)/2 -> 6 | AS4: 5 | AT4: =(5+3+2)/3 -> 3.3333333 | AU4: =(7+5+3)/3 -> 5 | AV4: =(2+1)/4 -> 0.75 | AW4: 0 | AX4: =(5+3)/2 -> 4 | AY4: =(10+7+5+3+2)/5 -> 5.4 | AZ4: 7 | BA4: 10 | BB4: 10 | BC4: 10
A5: Шурик | B5: =SUM(C5:BC5) -> 311.73333 | C5: ='2023 все бани'!C1*2 -> 170 | D5: =3/5 -> 0.6 | E5: 0.33333333 | F5: 0 | G5: 0 | H5: 0 | I5: 0.5 | J5: =1/6 -> 0.16666667 | K5: 10 | L5: 10 | M5: 10 | N5: 10 | O5: 10 | P5: =10/3 -> 3.3333333 | Q5: =1/3 -> 0.33333333 | R5: 0 | S5: 10 | T5: 7 | U5: 10 | V5: 7 | W5: 10 | X5: 7 | Y5: 6 | Z5: 1 | AA5: 7.3333333 | AB5: 0 | AC5: 0 | AD5: =10/3 -> 3.3333333 | AE5: 5 | AF5: 7 | AG5: 0.6 | AH5: 0 | AI5: 0 | AJ5: 0 | AK5: 0.2 | AL5: 0 | AM5: 0 | AN5: 0 | AO5: 0 | AP5: 0 | AQ5: 0 | AR5: 0 | AS5: 0 | AT5: 0 | AU5: 0 | AV5: 0 | AW5: 0 | AX5: 0 | AY5: 0 | AZ5: 0 | BA5: 0 | BB5: 0 | BC5: 5
A6: Женёк В | B6: =SUM(C6:BC6) -> 222.9 | C6: ='2023 все бани'!I1*2 -> 144 | D6: =3/5 -> 0.6 | E6: 0 | F6: 0 | G6: 7 | H6: 0 | I6: 0 | J6: =1/6 -> 0.16666667 | K6: 0.33333333 | L6: 1.5 | M6: 0 | N6: 1.5 | O6: 7 | P6: 0 | Q6: =1/3 -> 0.33333333 | R6: 7 | S6: 1.5 | T6: 3.3333333 | U6: 0 | V6: 0 | W6: 0 | X6: 2 | Y6: 0 | Z6: 5 | AA6: 0 | AB6: 0 | AC6: 5 | AD6: 0 | AE6: 1.5 | AF6: 0 | AG6: 0.6 | AH6: 0.25 | AI6: 0 | AJ6: 0 | AK6: 0 | AL6: 0 | AM6: 0 | AN6: 2.5 | AO6: 0 | AP6: 0.2 | AQ6: =(2+1)/5 -> 0.6 | AR6: =1/3 -> 0.33333333 | AS6: 0 | AT6: =(1)/4 -> 0.25 | AU6: =(2+1)/2 -> 1.5 | AV6: 0 | AW6: =(10+7)/2 -> 8.5 | AX6: =(10+7)/2 -> 8.5 | AY6: =(10+7+5+3+2)/5 -> 5.4 | AZ6: =(2+1)/2 -> 1.5 | BA6: =(7+5+3)/3 -> 5 | BB6: 0 | BC6: 0
A7: Витёк | B7: =SUM(C7:BC7) -> 191.31111 | C7: ='2023 все бани'!E1*2 -> 128 | D7: 0 | E7: 0 | F7: 0 | G7: 0 | H7: 0 | I7: 0 | J7: 0 | K7: 0.33333333 | L7: 0 | M7: 0 | N7: 1.5 | O7: 4 | P7: =1/9 -> 0.11111111 | Q7: 7 | R7: 0 | S7: 0 | T7: 0 | U7: 0 | V7: =11/4 -> 2.75 | W7: 0 | X7: 0 | Y7: 2 | Z7: 5 | AA7: 0.75 | AB7: =10/3 -> 3.3333333 | AC7: 0.5 | AD7: 0 | AE7: 0 | AF7: 1 | AG7: 3 | AH7: =10/3 -> 3.3333333 | AI7: 0 | AJ7: 0 | AK7: 0.2 | AL7: 0 | AM7: 0 | AN7: 0.2 | AO7: 1 | AP7: 0.2 | AQ7: =(2+1)/5 -> 0.6 | AR7: 2.5 | AS7: 1.5 | AT7: =(1)/4 -> 0.25 | AU7: 0 | AV7: 10 | AW7: =(5+3+2+1)/4 -> 2.75 | AX7: 0 | AY7: 0 | AZ7: =(5+3)/2 -> 4 | BA7: =(2+1)/3 -> 1 | BB7: =(3+2)/2 -> 2.5 | BC7: =(3+2+1)/3 -> 2
A8: Махмуд | B8: =SUM(C8:BC8) -> 188.87778 | C8: ='2023 все бани'!Q1*2 -> 102 | D8: 0 | E8: 0.33333333 | F8: 1.5 | G8: 0 | H8: 0.75 | I8: 0.5 | J8: 0 | K8: 0 | L8: 1.5 | M8: 0 | N8: 1.5 | O8: 1 | P8: =1/9 -> 0.11111111 | Q8: 0 | R8: 2.75 | S8: 0 | T8: 0 | U8: 1 | V8: =11/4 -> 2.75 | W8: 3 | X8: 2 | Y8: 0 | Z8: 0 | AA8: 0.75 | AB8: 0.2 | AC8: 0.5 | AD8: 0.5 | AE8: 5 | AF8: 10 | AG8: 0 | AH8: 0.25 | AI8: =6/5 -> 1.2 | AJ8: =11/5 -> 2.2 | AK8: 2.5 | AL8: 0.5 | AM8: =11/4 -> 2.75 | AN8: =(10+5+7)/3 -> 7.3333333 | AO8: 8.5 | AP8: 6 | AQ8: 4 | AR8: =(7+5)/2 -> 6 | AS8: 10 | AT8: 0 | AU8: 0 | AV8: 0 | AW8: 0 | AX8: 0 | AY8: 0 | AZ8: 0 | BA8: 0 | BB8: 0 | BC8: 0
A9: Даня | B9: =SUM(C9:BC9) -> 168.01111 | C9: ='2023 все бани'!K1*2 -> 52 | D9: =3/5 -> 0.6 | E9: 2.5 | F9: 8.5 | G9: 10 | H9: 0.75 | I9: 0.5 | J9: =17/4 -> 4.25 | K9: 0 | L9: 0 | M9: =11/4 -> 2.75 | N9: 5 | O9: 1 | P9: =1/9 -> 0.11111111 | Q9: =10/3 -> 3.3333333 | R9: 0 | S9: 1.5 | T9: 10 | U9: 6 | V9: =11/4 -> 2.75 | W9: 3 | X9: 5 | Y9: 0 | Z9: 0 | AA9: 0.75 | AB9: 10 | AC9: 5 | AD9: 0.5 | AE9: 1.5 | AF9: 1 | AG9: 0 | AH9: 0.25 | AI9: 0 | AJ9: =11/5 -> 2.2 | AK9: 0.2 | AL9: 7 | AM9: =11/4 -> 2.75 | AN9: 0.2 | AO9: 0 | AP9: 0.2 | AQ9: 0 | AR9: 2.5 | AS9: 1.5 | AT9: =(5+3+2)/3 -> 3.3333333 | AU9: =(2+1)/2 -> 1.5 | AV9: =(7+5+3)/3 -> 5 | AW9: =(5+3+2+1)/4 -> 2.75 | AX9: 0 | AY9: =1/3 -> 0.33333333 | AZ9: 0 | BA9: 0 | BB9: 0 | BC9: 0
A10: Ахмед | B10: =SUM(C10:BC10) -> 157.1 | C10: ='2023 все бани'!W1*2 -> 114 | D10: =3/5 -> 0.6 | E10: 8.5 | F10: 5 | G10: 2.5 | H10: 10 | I10: =(10+7+5)/3 -> 7.3333333 | J10: =1/6 -> 0.16666667 | K10: 2 | L10: 1.5 | M10: =11/4 -> 2.75 | N10: 0 | O10: 0 | P10: 0 | Q10: 0 | R10: 0 | S10: 0 | T10: 0 | U10: 0 | V10: =11/4 -> 2.75 | W10: 0 | X10: 0 | Y10: 0 | Z10: 0 | AA10: 0 | AB10: 0 | AC10: 0 | AD10: 0 | AE10: 0 | AF10: 0 | AG10: 0 | AH10: 0 | AI10: 0 | AJ10: 0 | AK10: 0 | AL10: 0 | AM10: 0 | AN10: 0 | AO10: 0 | AP10: 0 | AQ10: 0 | AR10: 0 | AS10: 0 | AT10: 0 | AU10: 0 | AV10: 0 | AW10: 0 | AX10: 0 | AY10: 0 | AZ10: 0 | BA10: 0 | BB10: 0 | BC10: 0
A11: Диман | B11: =SUM(C11:BC11) -> 131 | C11: ='2023 все бани'!T1*2 -> 94 | D11: 5 | E11: 8.5 | F11: 8.5 | G11: 1 | H11: 0 | I11: =(10+7+5)/3 -> 7.3333333 | J11: =1/6 -> 0.16666667 | K11: 0 | L11: 0 | M11: 0 | N11: 0 | O11: 0 | P11: 0 | Q11: 0 | R11: 0 | S11: 0 | T11: 0 | U11: 0 | V11: 0 | W11: 0 | X11: 0 | Y11: 0 | Z11: 0 | AA11: 0 | AB11: 0 | AC11: 0.5 | AD11: 0 | AE11: 0 | AF11: 0 | AG11: 0 | AH11: 0 | AI11: 0 | AJ11: 0 | AK11: 0 | AL11: 0 | AM11: 0 | AN11: 0 | AO11: 0 | AP11: 6 | AQ11: 0 | AR11: 0 | AS11: 0 | AT11: 0 | AU11: 0 | AV11: 0 | AW11: 0 | AX11: 0 | AY11: 0 | AZ11: 0 | BA11: 0 | BB11: 0 | BC11: 0
A12: Толмач | B12: =SUM(C12:BC12) -> 71.566667 | C12: ='2023 все бани'!M1*2 -> 48 | D12: 0 | E12: 0 | F12: 0 | G12: 0 | H12: 0 | I12: 0 | J12: 0 | K12: 0 | L12: 0 | M12: 0 | N12: 0 | O12: 0 | P12: 0 | Q12: 0 | R12: 0 | S12: 0 | T12: 0.33333333 | U12: 1 | V12: 0 | W12: 3 | X12: 0 | Y12: 0 | Z12: 0 | AA12: 0 | AB12: 0.2 | AC12: 0 | AD12: 0 | AE12: 0 | AF12: 0 | AG12: 0.6 | AH12: 0.25 | AI12: =6/5 -> 1.2 | AJ12: =11/5 -> 2.2 | AK12: 0 | AL12: 0 | AM12: 0 | AN12: 0.2 | AO12: 0 | AP12: 0 | AQ12: 0 | AR12: 0 | AS12: 0 | AT12: 10 | AU12: 0 | AV12: 0 | AW12: =(5+3+2+1)/4 -> 2.75 | AX12: 0 | AY12: =1/3 -> 0.33333333 | AZ12: =(2+1)/2 -> 1.5 | BA12: 0 | BB12: 0 | BC12: 0
A13: Alex B | B13: =SUM(C13:BC13) -> 62.033333 | C13: ='2023 все бани'!H1*2 -> 28 | D13: 0 | E13: 0 | F13: 0 | G13: 0 | H13: 3 | I13: 0.5 | J13: =1/6 -> 0.16666667 | K13: 0 | L13: 0 | M13: 0 | N13: 0 | O13: 0 | P13: 0 | Q13: 0 | R13: 0 | S13: 0 | T13: 0 | U13: 1 | V13: 0 | W13: 0 | X13: 0 | Y13: 0 | Z13: 1 | AA13: 0 | AB13: 0.2 | AC13: 0 | AD13: =10/3 -> 3.3333333 | AE13: 0 | AF13: 0 | AG13: 0 | AH13: =10/3 -> 3.3333333 | AI13: =6/5 -> 1.2 | AJ13: 0 | AK13: 0.2 | AL13: 0.5 | AM13: 0 | AN13: 2.5 | AO13: 1 | AP13: 0 | AQ13: =(2+1)/5 -> 0.6 | AR13: 0 | AS13: 0 | AT13: =(1)/4 -> 0.25 | AU13: =(7+5+3)/3 -> 5 | AV13: =(2+1)/4 -> 0.75 | AW13: 0 | AX13: =(5+3)/2 -> 4 | AY13: 0 | AZ13: 0 | BA13: =(2+1)/3 -> 1 | BB13: =(3+2)/2 -> 2.5 | BC13: =(3+2+1)/3 -> 2
A14: Пашок | B14: =SUM(C14:BC14) -> 53.633333 | C14: ='2023 все бани'!N1*2 -> 16 | D14: 0 | E14: 0 | F14: 0 | G14: 0 | H14: 0 | I14: 0 | J14: 0 | K14: 0 | L14: 0 | M14: =11/4 -> 2.75 | N14: 0 | O14: 0 | P14: 0 | Q14: 0 | R14: 0 | S14: 0 | T14: 3.3333333 | U14: 0 | V14: 0 | W14: 0 | X14: 10 | Y14: 10 | Z14: 5 | AA14: 0 | AB14: 0 | AC14: 0 | AD14: 0 | AE14: 0 | AF14: 0 | AG14: 0 | AH14: 0 | AI14: =6/5 -> 1.2 | AJ14: 0 | AK14: 0 | AL14: 0 | AM14: 0 | AN14: 0 | AO14: 4 | AP14: 0 | AQ14: =(2+1)/5 -> 0.6 | AR14: 0 | AS14: 0 | AT14: 0 | AU14: 0 | AV14: =(2+1)/4 -> 0.75 | AW14: 0 | AX14: 0 | AY14: 0 | AZ14: 0 | BA14: 0 | BB14: 0 | BC14: 0
A15: Серёга | B15: =SUM(C15:BC15) -> 45.916667 | C15: ='2023 все бани'!U1*2 -> 6 | D15: 0 | E15: 0 | F15: 0 | G15: 0 | H15: 5 | I15: 0 | J15: =17/4 -> 4.25 | K15: 0.33333333 | L15: 0 | M15: 0 | N15: 0 | O15: 0 | P15: 8.5 | Q15: 10 | R15: 10 | S15: 0 | T15: 0.33333333 | U15: 1 | V15: 0 | W15: 0 | X15: 0 | Y15: 0 | Z15: 0 | AA15: 0 | AB15: 0 | AC15: 0.5 | AD15: 0 | AE15: 0 | AF15: 0 | AG15: 0 | AH15: 0 | AI15: 0 | AJ15: 0 | AK15: 0 | AL15: 0 | AM15: 0 | AN15: 0 | AO15: 0 | AP15: 0 | AQ15: 0 | AR15: 0 | AS15: 0 | AT15: 0 | AU15: 0 | AV15: 0 | AW15: 0 | AX15: 0 | AY15: 0 | AZ15: 0 | BA15: 0 | BB15: 0 | BC15: 0
A16: Виталик | B16: =SUM(C16:BC16) -> 34.916667 | C16: ='2023 все бани'!X1*2 -> 26 | D16: 0 | E16: 0 | F16: 3 | G16: 0 | H16: 0 | I16: 3 | J16: =1/6 -> 0.16666667 | K16: 0 | L16: 0 | M16: 0 | N16: 0 | O16: 0 | P16: 0 | Q16: 0 | R16: 2.75 | S16: 0 | T16: 0 | U16: 0 | V16: 0 | W16: 0 | X16: 0 | Y16: 0 | Z16: 0 | AA16: 0 | AB16: 0 | AC16: 0 | AD16: 0 | AE16: 0 | AF16: 0 | AG16: 0 | AH16: 0 | AI16: 0 | AJ16: 0 | AK16: 0 | AL16: 0 | AM16: 0 | AN16: 0 | AO16: 0 | AP16: 0 | AQ16: 0 | AR16: 0 | AS16: 0 | AT16: 0 | AU16: 0 | AV16: 0 | AW16: 0 | AX16: 0 | AY16: 0 | AZ16: 0 | BA16: 0 | BB16: 0 | BC16: 0
A17: Дёс | B17: =SUM(C17:BC17) -> 31.216667 | C17: ='2023 все бани'!S1*2 -> 18 | D17: 0 | E17: 0 | F17: 0 | G17: 0 | H17: 0 | I17: 0 | J17: =17/4 -> 4.25 | K17: 0 | L17: 0 | M17: 0 | N17: 0 | O17: 0 | P17: 0 | Q17: 0 | R17: 0 | S17: 0 | T17: 0 | U17: 0 | V17: 0 | W17: 0 | X17: 0 | Y17: 0 | Z17: 0 | AA17: 0.75 | AB17: 0 | AC17: 0 | AD17: 0 | AE17: 0 | AF17: 1 | AG17: 0.6 | AH17: 0 | AI17: 0 | AJ17: 0 | AK17: 0.2 | AL17: 3.3333333 | AM17: =11/4 -> 2.75 | AN17: 0 | AO17: 0 | AP17: 0 | AQ17: 0 | AR17: =1/3 -> 0.33333333 | AS17: 0 | AT17: 0 | AU17: 0 | AV17: 0 | AW17: 0 | AX17: 0 | AY17: 0 | AZ17: 0 | BA17: 0 | BB17: 0 | BC17: 0
A18: Миша П | B18: =SUM(C18:BC18) -> 28.366667 | C18: ='2023 все бани'!L1*2 -> 14 | D18: 0 | E18: 0 | F18: 0 | G18: 0 | H18: 0 | I18: 0 | J18: 0 | K18: 0 | L18: 0 | M18: 0 | N18: 0 | O18: 0 | P18: =10/3 -> 3.3333333 | Q18: 0 | R18: 0 | S18: 0 | T18: 0 | U18: 0 | V18: 0 | W18: 0 | X18: 0 | Y18: 0 | Z18: 0 | AA18: 0 | AB18: 0 | AC18: 0 | AD18: 0 | AE18: 0 | AF18: 0 | AG18: 0 | AH18: 0 | AI18: =6/5 -> 1.2 | AJ18: 0 | AK18: 0 | AL18: 0 | AM18: 0 | AN18: 0 | AO18: 0 | AP18: 0 | AQ18: =(10+7)/2 -> 8.5 | AR18: =1/3 -> 0.33333333 | AS18: 0 | AT18: 0 | AU18: 0 | AV18: 0 | AW18: 0 | AX18: 0 | AY18: 0 | AZ18: 0 | BA18: 0 | BB18: 1 | BC18: 0
A19: Криш | B19: =SUM(C19:BC19) -> 26.95 | C19: ='2023 все бани'!P1*2 -> 8 | D19: 0 | E19: 0 | F19: 0 | G19: 0 | H19: 0 | I19: 0 | J19: 0 | K19: 0 | L19: 0 | M19: 0 | N19: 0 | O19: 0 | P19: 0 | Q19: 0 | R19: 0 | S19: 0 | T19: 0 | U19: 0 | V19: 0 | W19: 0 | X19: 0 | Y19: 0 | Z19: 0 | AA19: 0 | AB19: 0 | AC19: 0 | AD19: 0 | AE19: 0 | AF19: 0 | AG19: 0.6 | AH19: 0 | AI19: 6 | AJ19: =11/5 -> 2.2 | AK19: 6 | AL19: 0 | AM19: 0 | AN19: 0.2 | AO19: 0 | AP19: 0.2 | AQ19: 0 | AR19: 0 | AS19: 0 | AT19: =(1)/4 -> 0.25 | AU19: 0 | AV19: =(2+1)/4 -> 0.75 | AW19: =(5+3+2+1)/4 -> 2.75 | AX19: 0 | AY19: 0 | AZ19: 0 | BA19: 0 | BB19: 0 | BC19: 0
A20: Женёк З | B20: =SUM(C20:BC20) -> 24.4 | C20: ='2023 все бани'!J1*2 -> 14 | D20: 0 | E20: 0 | F20: 0 | G20: 0 | H20: 0 | I20: 0 | J20: 0 | K20: 0 | L20: 0 | M20: 0 | N20: 0 | O20: 0 | P20: 0 | Q20: 0 | R20: 0 | S20: 0 | T20: 0 | U20: 1 | V20: 0 | W20: 0 | X20: 0 | Y20: 0 | Z20: 0 | AA20: 0 | AB20: 0 | AC20: 0 | AD20: 0 | AE20: 0 | AF20: 0 | AG20: 0 | AH20: 0 | AI20: 0 | AJ20: 0 | AK20: 0 | AL20: 0 | AM20: 0 | AN20: 0 | AO20: 0 | AP20: 0 | AQ20: 0 | AR20: 0 | AS20: 0 | AT20: 0 | AU20: 0 | AV20: 0 | AW20: 0 | AX20: =(2+1)/3 -> 1 | AY20: =(10+7+5+3+2)/5 -> 5.4 | AZ20: 0 | BA20: =(2+1)/3 -> 1 | BB20: 0 | BC20: =(3+2+1)/3 -> 2
A21: Симба | B21: =SUM(C21:BC21) -> 22.811111 | C21: ='2023 все бани'!R1*2 -> 22 | D21: 0 | E21: 0 | F21: 0 | G21: 0 | H21: 0 | I21: 0 | J21: 0 | K21: 0 | L21: 0 | M21: 0 | N21: 0 | O21: 0 | P21: =1/9 -> 0.11111111 | Q21: 0 | R21: 0 | S21: 0 | T21: 0 | U21: 0 | V21: 0 | W21: 0 | X21: 0 | Y21: 0 | Z21: 0 | AA21: 0 | AB21: 0 | AC21: 0.5 | AD21: 0 | AE21: 0 | AF21: 0 | AG21: 0 | AH21: 0 | AI21: 0 | AJ21: 0 | AK21: 0 | AL21: 0 | AM21: 0 | AN21: 0 | AO21: 0 | AP21: 0.2 | AQ21: 0 | AR21: 0 | AS21: 0 | AT21: 0 | AU21: 0 | AV21: 0 | AW21: 0 | AX21: 0 | AY21: 0 | AZ21: 0 | BA21: 0 | BB21: 0 | BC21: 0
A22: Данюс | B22: =SUM(C22:BC22) -> 18.544444 | C22: ='2023 все бани'!Y1*2 -> 14 | D22: =3/5 -> 0.6 | E22: 0 | F22: 0 | G22: 0 | H22: 0 | I22: 0.5 | J22: 0 | K22: 0 | L22: 1.5 | M22: 0 | N22: 0 | O22: 0 | P22: =1/9 -> 0.11111111 | Q22: =1/3 -> 0.33333333 | R22: 0 | S22: 1.5 | T22: 0 | U22: 0 | V22: 0 | W22: 0 | X22: 0 | Y22: 0 | Z22: 0 | AA22: 0 | AB22: 0 | AC22: 0 | AD22: 0 | AE22: 0 | AF22: 0 | AG22: 0 | AH22: 0 | AI22: 0 | AJ22: 0 | AK22: 0 | AL22: 0 | AM22: 0 | AN22: 0 | AO22: 0 | AP22: 0 | AQ22: 0 | AR22: 0 | AS22: 0 | AT22: 0 | AU22: 0 | AV22: 0 | AW22: 0 | AX22: 0 | AY22: 0 | AZ22: 0 | BA22: 0 | BB22: 0 | BC22: 0
A23: Дор | B23: =SUM(C23:BC23) -> 12.311111 | C23: ='2023 все бани'!V1*2 -> 12 | D23: 0 | E23: 0 | F23: 0 | G23: 0 | H23: 0 | I23: 0 | J23: 0 | K23: 0 | L23: 0 | M23: 0 | N23: 0 | O23: 0 | P23: =1/9 -> 0.11111111 | Q23: 0 | R23: 0 | S23: 0 | T23: 0 | U23: 0 | V23: 0 | W23: 0 | X23: 0 | Y23: 0 | Z23: 0 | AA23: 0 | AB23: 0.2 | AC23: 0 | AD23: 0 | AE23: 0 | AF23: 0 | AG23: 0 | AH23: 0 | AI23: 0 | AJ23: 0 | AK23: 0 | AL23: 0 | AM23: 0 | AN23: 0 | AO23: 0 | AP23: 0 | AQ23: 0 | AR23: 0 | AS23: 0 | AT23: 0 | AU23: 0 | AV23: 0 | AW23: 0 | AX23: 0 | AY23: 0 | AZ23: 0 | BA23: 0 | BB23: 0 | BC23: 0
A24: Жанат | B24: =SUM(C24:BC24) -> 11.844444 | C24: ='2023 все бани'!O1*2 -> 8 | D24: 0 | E24: 0 | F24: 0 | G24: 0 | H24: 0 | I24: 0 | J24: 0 | K24: 0 | L24: 0 | M24: 0 | N24: 0 | O24: 0 | P24: =1/9 -> 0.11111111 | Q24: 0 | R24: 0 | S24: 0 | T24: 0 | U24: 0 | V24: 0 | W24: 0 | X24: 0 | Y24: 0 | Z24: 0 | AA24: 0 | AB24: 0.2 | AC24: 0 | AD24: 0 | AE24: 0 | AF24: 0 | AG24: 0 | AH24: 0 | AI24: 0 | AJ24: =11/5 -> 2.2 | AK24: 0 | AL24: 0 | AM24: 0 | AN24: 0 | AO24: 0 | AP24: 0 | AQ24: 0 | AR24: 0 | AS24: 0 | AT24: 0 | AU24: 0 | AV24: 0 | AW24: 0 | AX24: =(2+1)/3 -> 1 | AY24: =1/3 -> 0.33333333 | AZ24: 0 | BA24: 0 | BB24: 0 | BC24: 0
A25: Саша П | B25: =SUM(C25:BC25) -> 2.1111111 | C25: ='2023 все бани'!Z1*2 -> 2 | D25: 0 | E25: 0 | F25: 0 | G25: 0 | H25: 0 | I25: 0 | J25: 0 | K25: 0 | L25: 0 | M25: 0 | N25: 0 | O25: 0 | P25: =1/9 -> 0.11111111 | Q25: 0 | R25: 0 | S25: 0 | T25: 0 | U25: 0 | V25: 0 | W25: 0 | X25: 0 | Y25: 0 | Z25: 0 | AA25: 0 | AB25: 0 | AC25: 0 | AD25: 0 | AE25: 0 | AF25: 0 | AG25: 0 | AH25: 0 | AI25: 0 | AJ25: 0 | AK25: 0 | AL25: 0 | AM25: 0 | AN25: 0 | AO25: 0 | AP25: 0 | AQ25: 0 | AR25: 0 | AS25: 0 | AT25: 0 | AU25: 0 | AV25: 0 | AW25: 0 | AX25: 0 | AY25: 0 | AZ25: 0 | BA25: 0 | BB25: 0 | BC25: 0

Sheet 2023 недельный зачет
B1: =SUM(B3:B190) -> 1276 | C1: =SUM(C3:C100) -> 42 | D1: =SUM(D3:D100) -> 60 | E1: =SUM(E3:E100) -> 46 | F1: =SUM(F3:F100) -> 70 | G1: =SUM(G3:G100) -> 88 | H1: =SUM(H3:H100) -> 17 | I1: =SUM(I3:I100) -> 17 | J1: =SUM(J3:J100) -> 43 | ... BB1: =SUM(BB3:BB100) -> 23
B2: Всего | C2: W52 | D2: W51 | E2: W50 | F2: W49 | G2: W48 | H2: W47 | I2: W46 | J2: W45 | K2: W44 | L2: W43 | M2: W42 | N2: W41 | O2: W40 | P2: W39 | Q2: W38 | R2: W37 | S2: W36 | T2: W35 | U2: W34 | V2: W33 | W2: W32 | X2: W31 | Y2: W30 | Z2: W29 | AA2: W28 | AB2: W27 | AC2: W26 | AD2: W25 | AE2: W24 | AF2: W23 | AG2: W22 | AH2: W21 | AI2: W20 | AJ2: W19 | AK2: W18 | AL2: W17 | AM2: W16 | AN2: W15 | AO2: W14 | AP2: W13 | AQ2: W12 | AR2: W11 | AS2: W10 | AT2: W9 | AU2: W8 | AV2: W7 | AW2: W6 | AX2: W5 | AY2: W4 | AZ2: W3 | BA2: W2 | BB2: W1
A3: Ден | B3: =SUM(C3:BB3) -> 168 | C3: 11 | D3: 4 | E3: 3 | F3: 12 | G3: 5 | H3: 3 | I3: 2 | J3: 4 | K3: 1 | L3: 3 | M3: 3 | N3: 2 | O3: 3 | P3: 2 | Q3: 2 | R3: 4 | S3: 1 | T3: 2 | U3: 1 | V3: 2 | W3: 2 | X3: 5 | Y3: 3 | Z3: 6 | AA3: 3 | AB3: 1 | AC3: 2 | AD3: 4 | AE3: 4 | AF3: 4 | AG3: 2 | AH3: 2 | AI3: 2 | AJ3: 3 | AK3: 2 | AL3: 3 | AM3: 3 | AN3: 2 | AO3: 2 | AP3: 4 | AQ3: 4 | AR3: 3 | AS3: 3 | AT3: 3 | AU3: 2 | AV3: 2 | AW3: 3 | AX3: 2 | AY3: 5 | AZ3: 3 | BA3: 4 | BB3: 5
A4: Фил | B4: =SUM(C4:BB4) -> 154 | C4: 7 | D4: 5 | E4: 1 | F4: 0 | G4: 19 | H4: 0 | I4: 3 | J4: 5 | K4: 3 | L4: 1 | M4: 8 | N4: 0 | O4: 1 | P4: 0 | Q4: 2 | R4: 3 | S4: 3 | T4: 4 | U4: 7 | V4: 2 | W4: 0 | X4: 4 | Y4: 2 | Z4: 7 | AA4: 2 | AB4: 2 | AC4: 3 | AD4: 1 | AE4: 3 | AF4: 3 | AG4: 3 | AH4: 3 | AI4: 4 | AJ4: 2 | AK4: 2 | AL4: 2 | AM4: 3 | AN4: 3 | AO4: 2 | AP4: 2 | AQ4: 0 | AR4: 3 | AS4: 2 | AT4: 2 | AU4: 2 | AV4: 0 | AW4: 1 | AX4: 2 | AY4: 8 | AZ4: 3 | BA4: 3 | BB4: 1
A5: Леха | B5: =SUM(C5:BB5) -> 138 | C5: 4 | D5: 2 | E5: 2 | F5: 7 | G5: 5 | H5: 1 | I5: 0 | J5: 6 | K5: 3 | L5: 2 | M5: 4 | N5: 1 | O5: 2 | P5: 2 | Q5: 0 | R5: 2 | S5: 2 | T5: 0 | U5: 1 | V5: 2 | W5: 1 | X5: 4 | Y5: 3 | Z5: 7 | AA5: 2 | AB5: 3 | AC5: 3 | AD5: 3 | AE5: 1 | AF5: 4 | AG5: 5 | AH5: 0 | AI5: 0 | AJ5: 4 | AK5: 5 | AL5: 1 | AM5: 1 | AN5: 1 | AO5: 4 | AP5: 1 | AQ5: 3 | AR5: 3 | AS5: 2 | AT5: 2 | AU5: 1 | AV5: 0 | AW5: 2 | AX5: 2 | AY5: 7 | AZ5: 4 | BA5: 5 | BB5: 6
A6: Даня | B6: =SUM(C6:BB6) -> 110 | C6: 2 | D6: 4 | E6: 10 | F6: 15 | G6: 5 | H6: 1 | I6: 2 | J6: 0 | K6: 1 | L6: 2 | M6: 6 | N6: 1 | O6: 1 | P6: 2 | Q6: 0 | R6: 2 | S6: 6 | T6: 4 | U6: 2 | V6: 2 | W6: 3 | X6: 3 | Y6: 1 | Z6: 3 | AA6: 4 | AB6: 2 | AC6: 1 | AD6: 2 | AE6: 2 | AF6: 0 | AG6: 1 | AH6: 0 | AI6: 1 | AJ6: 1 | AK6: 3 | AL6: 1 | AM6: 1 | AN6: 0 | AO6: 1 | AP6: 0 | AQ6: 2 | AR6: 2 | AS6: 2 | AT6: 1 | AU6: 2 | AV6: 1 | AW6: 0 | AX6: 1 | AY6: 0 | AZ6: 0 | BA6: 0 | BB6: 1
A7: Шурик | B7: =SUM(C7:BB7) -> 107 | C7: 2 | D7: 2 | E7: 0 | F7: 0 | G7: 0 | H7: 1 | I7: 1 | J7: 13 | K7: 7 | L7: 6 | M7: 10 | N7: 4 | O7: 2 | P7: 1 | Q7: 1 | R7: 7 | S7: 5 | T7: 6 | U7: 3 | V7: 3 | W7: 4 | X7: 5 | Y7: 2 | Z7: 7 | AA7: 0 | AB7: 0 | AC7: 2 | AD7: 3 | AE7: 5 | AF7: 1 | AG7: 0 | AH7: 0 | AI7: 0 | AJ7: 1 | AK7: 0 | AL7: 0 | AM7: 0 | AN7: 0 | AO7: 0 | AP7: 0 | AQ7: 0 | AR7: 0 | AS7: 0 | AT7: 0 | AU7: 0 | AV7: 0 | AW7: 0 | AX7: 0 | AY7: 0 | AZ7: 0 | BA7: 0 | BB7: 3
A8: Женёк В | B8: =SUM(C8:BB8) -> 77 | C8: 2 | D8: 1 | E8: 2 | F8: 14 | G8: 2 | H8: 0 | I8: 1 | J8: 2 | K8: 2 | L8: 0 | M8: 4 | N8: 3 | O8: 0 | P8: 1 | Q8: 3 | R8: 2 | S8: 3 | T8: 0 | U8: 0 | V8: 0 | W8: 2 | X8: 2 | Y8: 3 | Z8: 0 | AA8: 0 | AB8: 2 | AC8: 0 | AD8: 2 | AE8: 1 | AF8: 1 | AG8: 1 | AH8: 0 | AI8: 0 | AJ8: 0 | AK8: 0 | AL8: 0 | AM8: 2 | AN8: 0 | AO8: 1 | AP8: 1 | AQ8: 1 | AR8: 1 | AS8: 1 | AT8: 1 | AU8: 0 | AV8: 2 | AW8: 3 | AX8: 2 | AY8: 2 | AZ8: 3 | BA8: 0 | BB8: 1
A9: Махмуд | B9: =SUM(C9:BB9) -> 77 | C9: 1 | D9: 2 | E9: 3 | F9: 4 | G9: 5 | H9: 1 | I9: 0 | J9: 1 | K9: 2 | L9: 0 | M9: 4 | N9: 1 | O9: 1 | P9: 0 | Q9: 2 | R9: 1 | S9: 0 | T9: 2 | U9: 2 | V9: 2 | W9: 2 | X9: 0 | Y9: 0 | Z9: 3 | AA9: 1 | AB9: 1 | AC9: 1 | AD9: 3 | AE9: 6 | AF9: 0 | AG9: 1 | AH9: 1 | AI9: 1 | AJ9: 2 | AK9: 1 | AL9: 1 | AM9: 3 | AN9: 3 | AO9: 3 | AP9: 2 | AQ9: 3 | AR9: 5 | AS9: 0 | AT9: 0 | AU9: 0 | AV9: 0 | AW9: 0 | AX9: 0 | AY9: 0 | AZ9: 0 | BA9: 0 | BB9: 0
A10: Ахмед | B10: =SUM(C10:BB10) -> 72 | C10: 2 | D10: 18 | E10: 9 | F10: 7 | G10: 22 | H10: 3 | I10: 1 | J10: 3 | K10: 2 | L10: 2 | M10: 0 | N10: 0 | O10: 0 | P10: 0 | Q10: 1 | R10: 0 | S10: 0 | T10: 0 | U10: 2 | V10: 0 | W10: 0 | X10: 0 | Y10: 0 | Z10: 0 | AA10: 0 | AB10: 0 | AC10: 0 | AD10: 0 | AE10: 0 | AF10: 0 | AG10: 0 | AH10: 0 | AI10: 0 | AJ10: 0 | AK10: 0 | AL10: 0 | AM10: 0 | AN10: 0 | AO10: 0 | AP10: 0 | AQ10: 0 | AR10: 0 | AS10: 0 | AT10: 0 | AU10: 0 | AV10: 0 | AW10: 0 | AX10: 0 | AY10: 0 | AZ10: 0 | BA10: 0 | BB10: 0
A11: Витёк | B11: =SUM(C11:BB11) -> 69 | C11: 1 | D11: 1 | E11: 0 | F11: 1 | G11: 4 | H11: 0 | I11: 0 | J11: 2 | K11: 1 | L11: 0 | M11: 4 | N11: 2 | O11: 1 | P11: 3 | Q11: 0 | R11: 1 | S11: 1 | T11: 1 | U11: 2 | V11: 1 | W11: 0 | X11: 4 | Y11: 3 | Z11: 3 | AA11: 2 | AB11: 1 | AC11: 0 | AD11: 0 | AE11: 2 | AF11: 2 | AG11: 2 | AH11: 0 | AI11: 0 | AJ11: 1 | AK11: 0 | AL11: 0 | AM11: 1 | AN11: 1 | AO11: 1 | AP11: 1 | AQ11: 2 | AR11: 2 | AS11: 1 | AT11: 0 | AU11: 3 | AV11: 1 | AW11: 0 | AX11: 0 | AY11: 5 | AZ11: 1 | BA11: 2 | BB11: 2
A12: Диман | B12: =SUM(C12:BB12) -> 52 | C12: 5 | D12: 18 | E12: 10 | F12: 5 | G12: 3 | H12: 3 | I12: 1 | J12: 0 | K12: 1 | L12: 0 | M12: 1 | N12: 0 | O12: 0 | P12: 0 | Q12: 1 | R12: 0 | S12: 0 | T12: 0 | U12: 0 | V12: 0 | W12: 0 | X12: 0 | Y12: 0 | Z12: 0 | AA12: 0 | AB12: 1 | AC12: 0 | AD12: 0 | AE12: 0 | AF12: 0 | AG12: 0 | AH12: 0 | AI12: 0 | AJ12: 0 | AK12: 0 | AL12: 0 | AM12: 0 | AN12: 0 | AO12: 3 | AP12: 0 | AQ12: 0 | AR12: 0 | AS12: 0 | AT12: 0 | AU12: 0 | AV12: 0 | AW12: 0 | AX12: 0 | AY12: 0 | AZ12: 0 | BA12: 0 | BB12: 0
A13: Alex B | B13: =SUM(C13:BB13) -> 50 | C13: 1 | D13: 1 | E13: 0 | F13: 2 | G13: 6 | H13: 1 | I13: 1 | J13: 1 | K13: 0 | L13: 1 | M13: 1 | N13: 0 | O13: 0 | P13: 0 | Q13: 0 | R13: 1 | S13: 1 | T13: 2 | U13: 0 | V13: 1 | W13: 0 | X13: 1 | Y13: 2 | Z13: 1 | AA13: 1 | AB13: 0 | AC13: 2 | AD13: 0 | AE13: 1 | AF13: 0 | AG13: 2 | AH13: 1 | AI13: 0 | AJ13: 1 | AK13: 1 | AL13: 0 | AM13: 2 | AN13: 1 | AO13: 0 | AP13: 1 | AQ13: 0 | AR13: 1 | AS13: 1 | AT13: 2 | AU13: 1 | AV13: 0 | AW13: 2 | AX13: 0 | AY13: 1 | AZ13: 1 | BA13: 2 | BB13: 2
A14: Пашок | B14: =SUM(C14:BB14) -> 33 | C14: 0 | D14: 0 | E14: 0 | F14: 0 | G14: 0 | H14: 0 | I14: 0 | J14: 1 | K14: 0 | L14: 2 | M14: 2 | N14: 0 | O14: 0 | P14: 0 | Q14: 0 | R14: 0 | S14: 3 | T14: 0 | U14: 0 | V14: 1 | W14: 7 | X14: 7 | Y14: 3 | Z14: 0 | AA14: 0 | AB14: 0 | AC14: 0 | AD14: 1 | AE14: 0 | AF14: 0 | AG14: 0 | AH14: 1 | AI14: 0 | AJ14: 0 | AK14: 0 | AL14: 0 | AM14: 0 | AN14: 2 | AO14: 0 | AP14: 1 | AQ14: 0 | AR14: 0 | AS14: 0 | AT14: 0 | AU14: 1 | AV14: 0 | AW14: 0 | AX14: 0 | AY14: 1 | AZ14: 0 | BA14: 0 | BB14: 0
... A26: Саша П | B26: =SUM(C26:BB26) -> 1 | C26: 0 | D26: 0 | E26: 0 | F26: 0 | G26: 0 | H26: 0 | I26: 0 | J26: 0 | K26: 0 | L26: 0 | M26: 0 | N26: 0 | O26: 1 | P26: 0 | Q26: 0 | R26: 0 | S26: 0 | T26: 0 | U26: 0 | V26: 0 | W26: 0 | X26: 0 | Y26: 0 | Z26: 0 | AA26: 0 | AB26: 0 | AC26: 0 | AD26: 0 | AE26: 0 | AF26: 0 | AG26: 0 | AH26: 0 | AI26: 0 | AJ26: 0 | AK26: 0 | AL26: 0 | AM26: 0 | AN26: 0 | AO26: 0 | AP26: 0 | AQ26: 0 | AR26: 0 | AS26: 0 | AT26: 0 | AU26: 0 | AV26: 0 | AW26: 0 | AX26: 0 | AY26: 0 | AZ26: 0 | BA26: 0 | BB26: 0

Sheet 2023 все бани
B1: =SUM(C3:AA999) -> 1276 | C1: =COUNT(C3:C1599) -> 85 | D1: =COUNT(D3:D1599) -> 100 | E1: =COUNT(E3:E1599) -> 64 | F1: =COUNT(F3:F1599) -> 88 | G1: =COUNT(G3:G1599) -> 110 | H1: =COUNT(H3:H1599) -> 14 | I1: =COUNT(I3:I1599) -> 72 | J1: =COUNT(J3:J1599) -> 7 | ... Z1: =COUNT(Z3:Z1599) -> 1
A2: Тип | B2: Название | C2: Шурик | D2: Леха | E2: Витёк | F2: Ден | G2: Фил | H2: Alex B | I2: Женёк В | J2: Женёк З | K2: Даня | L2: Миша П | M2: Толмач | N2: Пашок | O2: Жан | P2: Криш | Q2: Махмуд | R2: Симба | S2: Дёс | T2: Диман | U2: Серёга | V2: Дор | W2: Ахмед | X2: Виталик | Y2: Данюс | Z2: Саша П
A3: Хуитнес/аквапарк/спа | B3: Австрия, 1р аква дом | M3: 1
A4: Хуитнес/аквапарк/спа | B4: Австрия, 2р аква дом | M4: 1
A5: Хуитнес/аквапарк/спа | B5: Азия спа, Белорусская | W5: 1
A6: Хуитнес/аквапарк/спа | B6: Азия спа, Киевская | W6: 1
A7: Хуитнес/аквапарк/спа | B7: Азия спа, Сити | W7: 1
A8: Хуитнес/аквапарк/спа | B8: Аквазона Зил | G8: 1
A9: Хуитнес/аквапарк/спа | B9: Аквапарк Карибиа | E9: 1 | G9: 1
A10: Хуитнес/аквапарк/спа | B10: Аквапарк Ква-ква | E10: 1
A11: Хуитнес/аквапарк/спа | B11: Аквапарк Мореон | K11: 1
A12: Хуитнес/аквапарк/спа | B12: Аквапарк Юна | F12: 1 | H12: 1
A13: Хуитнес/аквапарк/спа | B13: Алматы, Хаят Рахат | T13: 3
A14: Частная | B14: Алтай, 4 богатыря | C14: 1 | D14: 1 | E14: 1 | F14: 1 | G14: 1 | I14: 1
A15: Хуитнес/аквапарк/спа | B15: Алтай, Беловодье | E15: 1 | F15: 1 | G15: 1
A16: Хуитнес/аквапарк/спа | B16: Алтай, Благодать | C16: 2 | D16: 2 | E16: 1 | F16: 1 | G16: 1
A17: Частная | B17: Алтай, Зеленые холмы | C17: 1 | D17: 1 | E17: 1 | F17: 1 | G17: 1 | I17: 1
A18: Частная | B18: Алтай, Инегень | W18: 2
A19: Частная | B19: Алтай, Мульты | C19: 1 | D19: 1 | E19: 1 | F19: 1 | G19: 1 | I19: 1
A20: Хуитнес/аквапарк/спа | B20: Алтай, Рублевка | D20: 1 | E20: 1 | F20: 1 | I20: 1
A21: Частная | B21: Алтай, Сандуны | C21: 1 | D21: 1 | E21: 1 | F21: 1 | G21: 1
A22: Хуитнес/аквапарк/спа | B22: Амстер, Kuuma | J22: 1 | M22: 1
A23: Общественная | B23: Апрелевская | G23: 1 | Q23: 1
A24: Общественная | B24: Астраханские | C24: 1 | D24: 1 | E24: 1 | F24: 1 | G24: 1 | Q24: 1 | T24: 1 | W24: 1
A25: Общественная | B25: Астрахань, Вертикаль | C25: 1 | F25: 1
A26: Общественная | B26: Астрахань, Царевская | C26: 1 | F26: 1
A27: Общественная | B27: Бабушкинские | D27: 1 | E27: 1 | F27: 1 | G27: 1
A28: Частная | B28: Баенник, Горки10 | G28: 1
A29: Частная | B29: Банная слобода | F29: 1
A30: Общественная | B30: Барнаул, Павловские | C30: 1
A31: Общественная | B31: Бердские | C31: 1
A32: Хуитнес/аквапарк/спа | B32: Берлин, Babor | N32: 1
A33: Хуитнес/аквапарк/спа | B33: Берлин, Liquidrom | N33: 1
A34: Хуитнес/аквапарк/спа | B34: Берлин, Park Inn | N34: 4
A35: Хуитнес/аквапарк/спа | B35: Бишкек, Каусар | F35: 1
A36: Хуитнес/аквапарк/спа | B36: Блядильня Шоколад | G36: 1 | V36: 1
A37: Частная | B37: Бочка во Внуково | F37: 1 | K37: 1 | Q37: 1
A38: Общественная | B38: Варшавские | C38: 1 | D38: 2 | E38: 1 | F38: 1 | G38: 5 | K38: 1 | L38: 1 | Q38: 1 | T38: 1
A39: Частная | B39: Варшавские, Охота | D39: 1 | E39: 1 | F39: 1 | G39: 1 | K39: 1 | Q39: 1 | T39: 1 | V39: 1 | Y39: 1
A40: Частная | B40: Василевские | C40: 4 | D40: 33 | E40: 4 | F40: 1 | G40: 3 | I40: 2 | O40: 4 | Q40: 2
A41: Хуитнес/аквапарк/спа | B41: Вена, Паппенхайм2 | J41: 1
A42: Хуитнес/аквапарк/спа | B42: Вена, Dublinger | J42: 1
A43: Общественная | B43: Вешняковские | G43: 1
A44: Частная | B44: Видновская усадьба | G44: 1
A45: Общественная | B45: Видновские городские | G45: 1 | K45: 1
A46: Хуитнес/аквапарк/спа | B46: Владимир, Отель Велес | E46: 1
A47: Общественная | B47: Внуковские | G47: 2 | Q47: 2 | W47: 1
A48: Общественная | B48: Воронцовские 1р | D48: 1 | F48: 1 | G48: 1 | K48: 1 | L48: 2 | Q48: 1 | S48: 1 | T48: 1 | W48: 1
A49: Общественная | B49: Воронцовские вр | D49: 1 | F49: 3 | G49: 1 | Q49: 1 | W49: 1 | X49: 1
A50: Общественная | B50: Востряковские | C50: 1 | D50: 1 | G50: 1 | K50: 1 | Q50: 11 | R50: 1 | T50: 1 | W50: 1
A51: Общественная | B51: Киров, Главбаня | C51: 1
A52: Общественная | B52: Вятские | C52: 2 | D52: 2 | E52: 2 | F52: 1 | G52: 1 | Q52: 1 | W52: 3 | X52: 1
A53: Частная | B53: Вятские номерные | C53: 1 | D53: 1 | E53: 1 | F53: 1 | G53: 1 | L53: 1 | O53: 1 | Q53: 1 | R53: 1 | V53: 1 | X53: 1 | Z53: 1
A54: Общественная | B54: Ганино | D54: 1
A55: Общественная | B55: Дмитров, Соколовские | F55: 1
A56: Общественная | B56: Долгопские | C56: 1 | D56: 1 | E56: 1 | F56: 46 | G56: 1 | H56: 33 | K56: 1 | T56: 1 | W56: 1 | Y56: 7
A57: Общественная | B57: Долгопские, жр | F57: 1 | H57: 1
A58: Общественная | B58: Домодедово, Востряковские | G58: 1
A59: Хуитнес/аквапарк/спа | B59: Дубай, Bonnington | U59: 1
A60: Хуитнес/аквапарк/спа | B60: Дубай, Movenpick | D60: 1 | S60: 2 | U60: 25
A61: Общественная | B61: Душа Красногорска | F61: 3
A62: Общественная | B62: Ебург, Андреевские | C62: 1 | D62: 1 | E62: 1 | F62: 1 | G62: 1
A63: Общественная | B63: Ебург, Первомайские | C63: 1
A64: Общественная | B64: Ебург, Сандуны 1р | C64: 1 | D64: 1 | E64: 1 | F64: 1 | G64: 1
A65: Частная | B65: Ереванская | C65: 1 | F65: 1 | G65: 1 | J65: 4
A66: Общественная | B66: Ессентуки, Атлантида | E66: 1 | F66: 1
A67: Общественная | B67: Ессентуки, баня 2 | E67: 1
A68: Общественная | B68: Жар-птица | F68: 1 | G68: 1 | H68: 1 | L68: 1 | W68: 1
A69: Частная | B69: Жигулевск, у Волги | G69: 1 | Q69: 1
A70: Общественная | B70: Жучки | D70: 1
A71: Общественная | B71: Заветы Ильича | D71: 1 | S71: 1
A72: Общественная | B72: Звенигород, Айдабаня | G72: 1
A73: Общественная | B73: Звенигородская | G73: 1
A74: Хуитнес/аквапарк/спа | B74: Зеленоградск, Резиденция спа | E74: 1
A75: Общественная | B75: Зеленоградские (ленинградка) | F75: 1
A76: Общественная | B76: Зеленоградские (ярославка) | D76: 1 | Q76: 1
A77: Общественная | B77: Ижевск, Баня 7 | D77: 1
A78: Общественная | B78: Измайловские, 2этаж | C78: 1 | D78: 1 | E78: 1 | G78: 1
A79: Общественная | B79: Измайловские, 3этаж | C79: 1 | E79: 1 | G79: 1
A80: Общественная | B80: Иркутск, баня 10 | C80: 1
A81: Общественная | B81: Иркутск, баня 2 | C81: 1
A82: Общественная | B82: Иркутск, баня 8 | C82: 1
A83: Общественная | B83: Иркутск, Баснинские | C83: 1
A84: Общественная | B84: Иркутск, на Мухиной | C84: 1
A85: Хуитнес/аквапарк/спа | B85: Испания, голодранцы | J85: 1 | M85: 1
A86: Хуитнес/аквапарк/спа | B86: Испания, сауна | J86: 1 | M86: 2
A87: Общественная | B87: Исток, "У завода" | D87: 1 | E87: 1 | G87: 1
A88: Общественная | B88: Казань, баня 7 | Q88: 1
A89: Общественная | B89: Казань, Деревенька | Q89: 1
A90: Общественная | B90: Казань, Распарье | Q90: 1
A91: Общественная | B91: Калитниковские 1р | C91: 1 | D91: 1 | F91: 1 | G91: 1 | W91: 1
A92: Общественная | B92: Калитниковские вр | D92: 1 | E92: 1 | F92: 1 | G92: 1 | T92: 1 | W92: 1
A93: Общественная | B93: Капотнинские | G93: 1
A94: Общественная | B94: Кёниг, баня 1 | D94: 1
A95: Общественная | B95: Кёниг, Суворовская | D95: 1 | E95: 1 | F95: 1
A96: Общественная | B96: Кёниг, ул. Грига | D96: 1
A97: Хуитнес/аквапарк/спа | B97: Кинари спа | X97: 1
A98: Хуитнес/аквапарк/спа | B98: Кипр, Пелендри | J98: 2 | M98: 1
A99: Частная | B99: Киров Луговая | D99: 1
A100: Хуитнес/аквапарк/спа | B100: Китай, вторая | W100: 1
...

Sheet 2023 Регламент
A1: ПОЛОЖЕНИЕ О ЧЕМПИОНАТЕ ЕБЛ 1. Чемпионат ЕБЛ — ежегодное соревнование, проводящееся Евразийской банной лигой (ЕБЛ) с целью популяризации бань, саун и apres-ban'. 2. В чемпионате принимают участие все участники группы ОУД. В чемпионате не могут принимать участие другие участники. Если участник вступает в группу ОУД в середине года, очки в зачет чемпионата ЕБЛ начинают ему начисляться с этого момента. Если участник покидает группу ОУД, очки в зачет чемпионата ЕБЛ перестают ему начисляться с этого момента. 3. Под баней понимается специализированное для термических процедур, нагретое выше 50 °C помещение, в котором участник пребывает в раздетом виде. Бани включают как общественные бани, так и частные (индивидуальные) банные помещения, включая домашние сауны и переносные (разборные) бани. 4. Очки в чемпионате ЕБЛ начисляются за поход в баню. Очки за данный поход начисляются игроку при выполнении следующих условий: 1) поход в баню длился не менее 1 часа, 2) это был первый поход в данную баню за данные сутки, 3) поход документирован постом любого из участников чемпионата в телеграм-группу не позднее дня, следующего за посещением. 5. Подсчет очков проводится еженедельно. 6. По каждому игроку каждую неделю подсчитывается количество посещенных бань. 7. Участники ранжируются по убыванию в зависимости от общего количества посещенных бань за неделю. Участнику, занявшему первое место, начисляется 10 очков, второе место — 7 очков, третье место —5 очков, четвертое место — 3 очка, пятое место — 2 очка, шестое место — 1 очко. Участникам, занявшим седьмое и последующее места, начисляется 0 очков. В случае, если участники поделили места, им начисляется среднее арифметическое от количества баллов за эти места с округлением до десятых. Например, если 4 участника заняли 5—8 места, им начисляются по (2 + 1 + 0 + 0)/4 = 0,8 очков. Участники, не посетившие ни одной бани, получают 0 очков. 8. В случае, если ни один из участников за неделю не посетил ни одной из бань, неделя исключается из розыгрыша. 9. Дополнительно подсчитывается количество посещенных каждым участником уникальных бань. Уникальными считаются бани, размещенные в разных зданиях, а также бани, размещенные в одном здании, но официально считающиеся разными разрядами. За каждую уникальную (в пределах года) посещенную баню участник получает 2 очка. Очки получают в т. ч. те участники, которые получили 0 очков в розыгрыше общего количества бань. 10. Очки каждого участника за все недели в течение года складываются. 11. Победителем чемпионата объявляется участник, набравший максимальное количество очков в течение года. В случае равенства этого показателя победитель выявляется по дополнительному показателю — количеству уникальных бань в течение года. 12. Все спорные ситуации разбираются на комиссии чемпионата ЕБЛ, проводящейся периодически в Василёвских банях. О дате проведения очередной комиссии участники чемпионата ЕБЛ извещаются по телеграм-каналу. 13. Турнирную таблицу ведет участник, уполномоченный комиссией чемпионата ЕБЛ. 14. Награждение и простава победителей осуществляется на комиссии чемпионата ЕБЛ. 15. Решением комиссии в декабре может быть проведён финал чемпионата. Все очки, полученные за финал, удваиваются.

Sheet 2023 Кубок
A1: 1/8 финала | B1: 1/4 финала | C1: 1/2 финала | D1: финал
A2: Ден 6
A3: Криш
B4: Ден 20
A5: Даня 5 | B5: Даня 23
A6: Толмач 4
C7: Даня 13
A8: Витёк 7 | C8: Диман 19
A9: Серёга 7
B10: Витёк 1
A11: Шурик | B11: Диман 10
A12: Диман 6
D13: Диман 35
A14: Леха 8 | D14: Ахмед 35
A15: Дёс
B16: Лёха 14 | D16: Даня 4
A17: Женёк В 3 | B17: Женёк В 28 | D17: Женёк В 2
A18: Пашок
C19: Женёк В 4
A20: Фил 36 | C20: Ахмед 17
A21: Ахмед 42
B22: Ахмед 11
A23: Махмуд 9 | B23: Махмуд 6
A24: Alex B 7
